Patient ID,Scan Count,Prostate Volume,PIRADS1 Count,PIRADS2 Count,PIRADS3 Count,PIRADS4 Count,PIRADS5 Count,PIRADS1 Burden,PIRADS2 Burden,PIRADS3 Burden,PIRADS4 Burden,PIRADS5 Burden
consecutive/0062c2cda9672d22fd20f62c4e2e774a038f2b3bf05077a4b0fb06c44247235e,1.0,49449.75,0.0,0.0,0.0,0.0,1.0,0.0,0.0,0.0,0.0,1842.0
consecutive/01c2d8fe40f79b52613d39d2919eef26433755ecbd19bceed1de4d5d7cdb7332,2.0,191225.25,0.0,0.0,2.0,0.0,0.0,0.0,0.0,3991.5,0.0,0.0
consecutive/04d87da9bb5f771cecb82c74dd4be2f18c279ce8ba9986370aab3c1fd671c38d,1.0,124508.25,0.0,0.0,0.0,2.0,0.0,0.0,0.0,0.0,791.25,0.0
consecutive/05a8de227489fdba541c06f5ec50956a19bfe6fd2db147f9f044a2a4f9286eb6,1.0,37408.5,0.0,0.0,1.0,2.0,0.0,0.0,0.0,310.5,1039.5,0.0
consecutive/05d714f55d857eebdf5d14b135bbead7c09c0743abc370682f9957588236dc1b,1.0,40489.5,0.0,0.0,0.0,1.0,0.0,0.0,0.0,0.0,374.25,0.0
consecutive/072d101134fe808a65ea0208d8971d961865a5acd29673daeb5a5ac2e94b3ef9,1.0,38370.75,0.0,0.0,0.0,1.0,1.0,0.0,0.0,0.0,466.5,3642.75
consecutive/08ed7df90442edde41960fcf1c59d64172531efd4867e782939effb60ba88252,2.0,170532.74308812618,0.0,0.0,0.0,3.0,0.0,0.0,0.0,0.0,2609.999954342842,0.0
consecutive/09be67c94534d960901a1f7a65d3af8501cf86090d495adf3ee18b51c60eceb0,2.0,240513.0,0.0,0.0,1.0,2.0,0.0,0.0,0.0,1779.0,1075.5,0.0
consecutive/09d5d4978727300f737af8ee7af02a0ff083ebdde0c074d44860a4d10f08496a,2.0,129335.25,0.0,0.0,0.0,1.0,1.0,0.0,0.0,0.0,713.25,852.0
consecutive/0a5559932127004aa892319cb1407b30e716bb7e45da396ae9bcc818d442cb99,1.0,56996.25,0.0,0.0,0.0,1.0,1.0,0.0,0.0,0.0,256.5,2406.0
consecutive/0ab54cf9b7d79818bda85540d0c1f543c817391abb1fc693cdd08b4368335a53,1.0,50116.50398290157,0.0,0.0,1.0,0.0,0.0,0.0,0.0,874.5000694990158,0.0,0.0
consecutive/0abfb787db7fd5128f73776334c94dea34fab0353f081dea4bfaaa5f99097ffc,1.0,100707.75,0.0,0.0,1.0,0.0,0.0,0.0,0.0,729.0,0.0,0.0
consecutive/0c1f62de5e6d6510f42d300f1ba4225e7585c807861faf46c33c9438487db4c2,2.0,158556.75644361973,0.0,0.0,3.0,0.0,0.0,0.0,0.0,5416.500192761421,0.0,0.0
consecutive/0cab12748bf0e7c67cc2db9967982f6b62f7654899a8f14a4f575d6199cee720,1.0,113775.29698598385,0.0,0.0,1.0,0.0,0.0,0.0,0.0,1561.4999586343765,0.0,0.0
consecutive/0d6d52ba1a4faa277ce84eececb7b907956fef76746570e4fdc6330924a5ab56,1.0,60515.25480931997,0.0,0.0,1.0,0.0,0.0,0.0,0.0,413.25003284215927,0.0,0.0
consecutive/0e905b456bc330a79267bd4ae9ddeba9c03d3b796813cc81834fd116d73eb363,1.0,45159.0,0.0,0.0,0.0,1.0,0.0,0.0,0.0,0.0,1680.0,0.0
consecutive/0eb2241015c574274f557d4b23058de092a5dcf5e3956e2ac02241adf10da15e,1.0,39746.25,0.0,0.0,0.0,1.0,0.0,0.0,0.0,0.0,2405.25,0.0
consecutive/0f823c5caa08360e5af662c83e9fb5e9c951cea16af4f64323422717008ba341,1.0,74881.5,0.0,0.0,0.0,0.0,1.0,0.0,0.0,0.0,0.0,6411.75
consecutive/102471e8f433e7d5dd5b2d787a6859c05dd39f4ff213f20904db688b4f532eab,1.0,45458.25,0.0,0.0,0.0,1.0,0.0,0.0,0.0,0.0,791.25,0.0
consecutive/1071745fb5ab37f0c89212fe9c2763b7af5ca32ea8dea1bece8c71cc43f6e363,1.0,37164.0,0.0,0.0,0.0,0.0,1.0,0.0,0.0,0.0,0.0,3241.5
consecutive/10a4ab16a61fe36d230360c628047bb68d453d856c424f6df6bb6c51c3b17c5e,1.0,58567.50465452671,0.0,0.0,0.0,0.0,1.0,0.0,0.0,0.0,0.0,2586.75020557642
consecutive/12457e7df3595b8bc115a8a0cc023f89f1eaa22573bdd952189bb13ac7e94f22,1.0,110273.25,0.0,0.0,0.0,1.0,0.0,0.0,0.0,0.0,1325.25,0.0
consecutive/13f74cd35cb78a80fe5581ea7dcff2c3d5bfa81518a96e24cbbc14260f5d080d,1.0,73908.0,0.0,0.0,0.0,1.0,1.0,0.0,0.0,0.0,764.25,2854.5
consecutive/14b32851e7a5865439996d3ca6652416d5bd595f88be432c0a172341c1a8648c,1.0,46664.25,0.0,0.0,0.0,0.0,1.0,0.0,0.0,0.0,0.0,3246.0
consecutive/14c89f1c37f0c122456d9cbd35dbb966b0b29aa4cc1982f142f71bbbbaf7f6ff,1.0,78769.5,0.0,0.0,0.0,0.0,1.0,0.0,0.0,0.0,0.0,4434.75
consecutive/14d8289f16388f9f5005b26d902b5e87b6bec75fa3fc83af3dd8f4ad3f861f16,1.0,51312.0,0.0,0.0,0.0,0.0,1.0,0.0,0.0,0.0,0.0,10169.25
consecutive/14f665ccba798701f02803961184daf42ab34f2ae5f4f79ea54f5fd913dec4e5,1.0,97409.25,0.0,0.0,0.0,1.0,0.0,0.0,0.0,0.0,244.5,0.0
consecutive/15696d0ab070690addd8911fb842a493c543ab565370048d62313d57823c2f93,1.0,306188.25,0.0,0.0,0.0,0.0,1.0,0.0,0.0,0.0,0.0,3986.25
consecutive/15b3ab1892d2e7b8eb78e1b727da70452d7a45c2b91ffd8d59452a531d8a36a5,1.0,93698.25,0.0,0.0,0.0,1.0,0.0,0.0,0.0,0.0,167.25,0.0
consecutive/15e335b05bc86c077476cad7d6c3504953558ff42e9e52f97fac0d88616e174b,1.0,37337.25,0.0,0.0,0.0,1.0,0.0,0.0,0.0,0.0,435.0,0.0
consecutive/1751e1008991dea36523411b2996da9de6e9ce6abb328eab727698a712e1bfe5,1.0,87183.90346437693,0.0,0.0,0.0,1.0,0.0,0.0,0.0,0.0,499.5000198483467,0.0
consecutive/1a6f83672c43bf8acdf6c552dfb618c68e6c113f9bf036ef0870798cbb5fe7bd,1.0,63593.25,0.0,0.0,1.0,0.0,0.0,0.0,0.0,716.25,0.0,0.0
consecutive/1b166c9fbeab0bbf875eda4286457b96bbedc84967908e9d7749e9934ab295c1,1.0,50595.75,0.0,0.0,1.0,1.0,0.0,0.0,0.0,78.75,523.5,0.0
consecutive/1b5b06b67f3f65263380d23990e2bbc4ae6fb114f226bff4a5c3245da74e2d0a,1.0,38754.75,0.0,0.0,0.0,0.0,2.0,0.0,0.0,0.0,0.0,6887.25
consecutive/1b7fdc0bf92a49e0c3688987d649566b5341e83c98b68a643adea433d3c12bc7,2.0,86645.25,0.0,0.0,0.0,2.0,0.0,0.0,0.0,0.0,2865.0,0.0
consecutive/1c3f04d2849556bd0f64a80174f9725015e91f25f1b8e4fdc9cd55d29d09ca13,1.0,128125.5,0.0,0.0,0.0,1.0,0.0,0.0,0.0,0.0,214.5,0.0
consecutive/1d1720590a855db75e16f5171d5f77fd41fdb0941563b529b6619d60a3659c01,2.0,324099.75,0.0,0.0,0.0,2.0,0.0,0.0,0.0,0.0,2957.25,0.0
consecutive/1e3febbd048ca42a3132540c82779d0c5ed42ec560e35c78b3cb13a80f139a7f,1.0,43613.25,0.0,0.0,0.0,0.0,1.0,0.0,0.0,0.0,0.0,12359.25
consecutive/1ec748f50fc7bbb66e44847fc19469697814d778597f5b738a19369cecdf67cb,2.0,136452.0,0.0,0.0,3.0,2.0,0.0,0.0,0.0,4375.5,540.75,0.0
consecutive/1f1f0b46b1c2d812532f6539f5c23e4a1941f937dfa582dd80d4a359d41307fb,1.0,33416.25,0.0,0.0,0.0,0.0,1.0,0.0,0.0,0.0,0.0,2331.0
consecutive/1f73545c2013b81caaf06286dc8b5c24ebd4acffa6a4ec5249c97ceff72d4cf6,1.0,92529.75,0.0,0.0,2.0,0.0,0.0,0.0,0.0,927.0,0.0,0.0
consecutive/2019f19917e3911d8581b863b9d697a686ab8580be8f64943594dbb29b14a00c,2.0,190056.0,0.0,0.0,0.0,1.0,0.0,0.0,0.0,0.0,747.0,0.0
consecutive/20db2399dfec1f551e7fb4fbcfae2109231e230cf275b275c02259f340be4899,1.0,69325.5,0.0,0.0,0.0,1.0,0.0,0.0,0.0,0.0,273.75,0.0
consecutive/2118bc3b5d9a7fe59e4bcef7459601f5bd487f1509d5b4c1c34c423c84e7824f,1.0,80736.30320817232,0.0,0.0,0.0,1.0,0.0,0.0,0.0,0.0,441.00001752376556,0.0
consecutive/21ff38b79a9b79290c53599daf95deefabbc3cd3a9f7e40d87c450f6fd155f8a,2.0,208498.5,0.0,0.0,3.0,3.0,0.0,0.0,0.0,4395.0,3765.75,0.0
consecutive/23b2160d05b474bb6b007ab8ccdb8e06b84ff396a2152d6eb08a20a99898d9b9,2.0,157289.25,0.0,0.0,4.0,1.0,0.0,0.0,0.0,3141.75,169.5,0.0
consecutive/23d551a6aa6523a7957006affafcecf5596d8b546b35b785b0b3c84c5e053b0f,2.0,263032.5,0.0,0.0,0.0,0.0,2.0,0.0,0.0,0.0,0.0,4359.0
consecutive/25303058a6087cbc27382739c34c224f4c1c5bbdb7ea99417ea9daf5ee4c0fc9,2.0,275920.5,0.0,0.0,2.0,0.0,0.0,0.0,0.0,1763.25,0.0,0.0
consecutive/26eeb8a507fe305a197fbedba5fdd9066ddc9495a15c820bedcd8fc6b47e3e59,1.0,84672.0,0.0,0.0,1.0,2.0,0.0,0.0,0.0,172.5,1024.5,0.0
consecutive/270ec13fce3906a8b668a51bc33c63232de3630cd27c56bbf5770b0950432d3b,1.0,75843.0,0.0,0.0,0.0,1.0,2.0,0.0,0.0,0.0,174.75,8904.0
consecutive/2722b1a0f1a9715dd95bd5f54f0177d4121608604b6583903d060d124514c728,1.0,95607.0075981617,0.0,0.0,1.0,1.0,1.0,0.0,0.0,1448.250115096569,1039.5000826120377,1089.7500866055489
consecutive/27842a737b1f58480eac4d4c80aa16abb20c437f884b6be7a692cab225993f07,2.0,221714.25,0.0,0.0,0.0,1.0,1.0,0.0,0.0,0.0,732.75,1786.5
consecutive/2911ee1421dd6a4845e1797350d8220e0c164eee85941ca24e31889c038cb2f4,1.0,57679.5,0.0,0.0,1.0,0.0,0.0,0.0,0.0,617.25,0.0,0.0
consecutive/29373e3d9dca498ee6e48c6c0386b3ff118ce3f2613639be811e75bf67895bb7,1.0,77702.25,0.0,0.0,1.0,0.0,0.0,0.0,0.0,576.75,0.0,0.0
consecutive/2942721d206cb7f8fd5d0072beb4b859b0297737b996a99d68906134fbd358eb,1.0,111598.5,0.0,0.0,0.0,1.0,1.0,0.0,0.0,0.0,54.0,1616.25
consecutive/2a5e08e22612a0a3d5db35e34b8a982b2f539de37a546d1eae46eb8a3f4dc7d9,2.0,339284.2640067339,0.0,0.0,0.0,3.0,0.0,0.0,0.0,0.0,654.0000410676003,0.0
consecutive/2b91fcfbf25908c7844e59ca94e5aa140e0551661e7eac46790b0e320290ea64,2.0,277554.0,0.0,0.0,0.0,2.0,0.0,0.0,0.0,0.0,473.25,0.0
consecutive/2b927e057ecf626b633cb04971a1e4e8e850c7cfddf75b069cd4a3358a3cd417,1.0,23712.0,0.0,0.0,0.0,0.0,1.0,0.0,0.0,0.0,0.0,2242.5
consecutive/2ec3f19dac00f002268539b44eaf70f2956d8080c6379be25170ed416b29d61f,1.0,37910.25301283598,0.0,0.0,0.0,0.0,1.0,0.0,0.0,0.0,0.0,4035.7503207325935
consecutive/2fb5c8043c77a775333a93feadf538a2d571e1e9e07efe1b6d4eedeafe564515,1.0,64472.25,0.0,0.0,1.0,0.0,0.0,0.0,0.0,955.5,0.0,0.0
consecutive/2fe00f43375d04c7f0f11c3eb03e49d7acb7eb32c0f4ecc39eccc22d270dd693,1.0,48656.25,0.0,0.0,0.0,2.0,1.0,0.0,0.0,0.0,934.5,24597.75
consecutive/3077ba8a738c46a45c73b670faf3479878653b6101a796ce4ebf0868f76eb3e2,1.0,53080.5,0.0,0.0,0.0,2.0,0.0,0.0,0.0,0.0,781.5,0.0
consecutive/30a7d25360b994eb0a0b05f35371898043318642ad712b9326f3497ad83334e9,1.0,98757.75,0.0,0.0,0.0,1.0,0.0,0.0,0.0,0.0,219.0,0.0
consecutive/31525e53fe08dccb193b680d97e81e0ff6ccedf69378bc6547ea2a7013f666f6,1.0,125457.75,0.0,0.0,0.0,1.0,0.0,0.0,0.0,0.0,423.75,0.0
consecutive/31efe32ee2468e61618c55c20722ee6d69719148989f281f3065eae8ecd008d7,1.0,120429.75,0.0,0.0,0.0,2.0,0.0,0.0,0.0,0.0,2559.75,0.0
consecutive/3200f5e4cc1f0558ba26b0a971b1d76deba0c4709d946ce87e53ac8f5c22ce06,2.0,209009.99189984798,0.0,0.0,2.0,0.0,0.0,0.0,0.0,1823.999935746193,0.0,0.0
consecutive/331c8cc5e71cdf79bc70621d24b4d99222f74d6c2816d04f7dc4a0bdc53805d8,1.0,112329.75892716646,0.0,0.0,2.0,0.0,0.0,0.0,0.0,888.7500706315041,0.0,0.0
consecutive/33d49fb89ddbb9464473729a3e5eeb87d134b007f6e6e1fc560c874d0b212901,1.0,83748.0,0.0,0.0,2.0,1.0,0.0,0.0,0.0,895.5,481.5,0.0
consecutive/354d240ebdc4de52d98ee2b0e92081a50fef8bae4b80aa2673da8da2a73f39f9,3.0,139046.25,0.0,0.0,1.0,0.0,1.0,0.0,0.0,425.25,0.0,1262.25
consecutive/35d8ce9410f98649748ad4dcb3c22890a0741a3a196eaae4a4b3b51aa694b951,2.0,109098.0,0.0,0.0,2.0,1.0,0.0,0.0,0.0,1699.5,1317.75,0.0
consecutive/360bb7fd66a64f814cf4543dfbe2e5cebca750fb5fd7899596bb53c22e4a5960,2.0,206823.0,0.0,0.0,1.0,1.0,0.0,0.0,0.0,582.0,74.25,0.0
consecutive/367afccebefbac25d8408db654794e10ca0fe1fe0b318120241dfee7bbc0e2be,1.0,140687.25,0.0,0.0,0.0,1.0,0.0,0.0,0.0,0.0,589.5,0.0
consecutive/37becd074230104f51c96280964d2267ee254dbf64d38ec675076007322f2d17,1.0,111299.25,0.0,0.0,1.0,0.0,0.0,0.0,0.0,604.5,0.0,0.0
consecutive/3809a955b030de5653b1ecb4e50282d77fe698bd4e8d7427c41d03af3f618ea6,1.0,38646.75,0.0,0.0,1.0,2.0,0.0,0.0,0.0,1116.75,1026.75,0.0
consecutive/38b9927f7bc21b56b870370f9d9273dfe4eb4d110ae780ee272216f94dd57c3a,1.0,143917.5,0.0,0.0,0.0,1.0,0.0,0.0,0.0,0.0,1139.25,0.0
consecutive/38c05343c3266298d4966e8d12b6f5b801046f5ff5c4439f9aec2e0a39136acf,1.0,28199.25,0.0,0.0,0.0,2.0,0.0,0.0,0.0,0.0,1471.5,0.0
consecutive/38ef121face28688be5d405ae55d5c6dde1c21f522ce152b8de4970f99ff3ff6,1.0,76161.0,0.0,0.0,0.0,0.0,1.0,0.0,0.0,0.0,0.0,1120.5
consecutive/39e0a64c035d3a08c44efe3e8336fa85486b182e3c241fc312adc86e9f967739,1.0,36656.25,0.0,0.0,1.0,2.0,1.0,0.0,0.0,339.0,1439.25,412.5
consecutive/3c73ffe85652a64cad392501af606e281703a9cf6e02bf92bc7a4fb21d070ff1,2.0,490541.25,0.0,0.0,2.0,0.0,0.0,0.0,0.0,1770.75,0.0,0.0
consecutive/3c87423859cf3c46e83d88a8716981b54f6fefbb666b3aabb2e5481949fb061a,2.0,189902.25,0.0,0.0,2.0,0.0,0.0,0.0,0.0,1513.5,0.0,0.0
consecutive/3eb242864b7a4092b6ba7a915ac78936fa4af8272b81af2cc574d801c1101528,1.0,63595.5,0.0,0.0,1.0,0.0,0.0,0.0,0.0,1200.0,0.0,0.0
consecutive/3ecfee1613172a31e0609305c8c0bbd62d9a7b4efec8f191fa529d216bbfb046,1.0,59553.0,0.0,0.0,0.0,1.0,0.0,0.0,0.0,0.0,290.25,0.0
consecutive/40434681422fafceb000de144ac1090aaae956146d3a7b8c2df06978d4f2d345,2.0,138675.75,0.0,0.0,1.0,1.0,1.0,0.0,0.0,519.0,1917.0,1929.75
consecutive/42c671b8c5b2b970a89bed516c64cddc848541e7717c57ba5a9b9003d23cdfa2,1.0,165309.75,0.0,0.0,0.0,1.0,0.0,0.0,0.0,0.0,155.25,0.0
consecutive/43fdf03318788d42c6727821b40d95ff624984f7249869b7ceb00abbb69d4fa7,1.0,94937.25,0.0,0.0,0.0,1.0,0.0,0.0,0.0,0.0,941.25,0.0
consecutive/4428ab612d88c8b8b4099f40be7fd69d80d77a9c0c293020e2fcc791d88d83b0,1.0,40110.30159384012,0.0,0.0,0.0,1.0,0.0,0.0,0.0,0.0,441.90001755952835,0.0
consecutive/446ec0c7aada8f6f1fb13225b2e9b21eb5595c68799ad74c2968592a65b4f5f9,1.0,161841.75,0.0,0.0,1.0,0.0,0.0,0.0,0.0,1170.75,0.0,0.0
consecutive/46b860bc00f29f88f6a9bdc6ac32a5dc0e600bbefaea19f75dd4830f17b2ac9f,3.0,451857.73767852783,0.0,0.0,3.0,0.0,0.0,0.0,0.0,794.2499769926071,0.0,0.0
consecutive/483290f315a4ae0a852a13fe529c9f9b033c10646860ccf7183e217941ca7e68,1.0,92310.0,0.0,0.0,0.0,1.0,0.0,0.0,0.0,0.0,57.75,0.0
consecutive/496f3691cf4417062b41d882f1a0eda8231a9be5beeb11d60ac6ef800514ae60,1.0,134961.0,0.0,0.0,0.0,1.0,0.0,0.0,0.0,0.0,729.75,0.0
consecutive/4b8bb018cff2ed565374b5959a2c402653df08fb31322e4da6c8da7a87aa409b,1.0,40766.25,0.0,0.0,0.0,0.0,1.0,0.0,0.0,0.0,0.0,3027.75
consecutive/4bc30424567aacbdb0613b4373b8d02508bcd4cd845f36338b4250603fdfe83a,1.0,119679.75,0.0,0.0,0.0,1.0,0.0,0.0,0.0,0.0,2172.75,0.0
consecutive/4c7aabcbff9b8c4d61ad231ddee42a3cc7c850f74ddf72d89bb107f19a56e062,2.0,396676.5,0.0,0.0,3.0,0.0,0.0,0.0,0.0,2399.25,0.0,0.0
consecutive/4df55fe23b6ea43a16f6f047209307681c5888449ff282adcd423f5775fd5a60,2.0,167523.74263048172,0.0,0.0,0.0,2.0,0.0,0.0,0.0,0.0,2280.7498742341995,0.0
consecutive/4fe467ba54fa6a6fa9ca320bec9038942ef1669dd043cc86c5fb09297b861466,1.0,60278.25,0.0,0.0,0.0,0.0,1.0,0.0,0.0,0.0,0.0,4365.75
consecutive/5003df18a1ffedcf0d84f396619a6a8e7b17db2f71279372788c351feb8ae298,1.0,49303.5,0.0,0.0,1.0,0.0,0.0,0.0,0.0,124.5,0.0,0.0
consecutive/503be076d351cb411f78f10dbddd1c996aa2093215dded8882437c6c0020d731,2.0,69147.74727350473,0.0,0.0,1.0,1.0,1.0,0.0,0.0,84.74999326467514,1195.4999049901962,994.5
consecutive/52f217a73335e56a32553e7b7861f73efef6fe55e460e47b9492dda6b660bae9,1.0,236879.25,0.0,0.0,0.0,1.0,0.0,0.0,0.0,0.0,454.5,0.0
consecutive/548a64393537b10d1ebd9bf89460b2ec0fd9937d5446c1cee64ec5f06b346ef5,1.0,54570.0,0.0,0.0,0.0,1.0,1.0,0.0,0.0,0.0,504.75,9126.0
consecutive/54dc6f66f68b2eb3fd092bb3d63f0790f00954ae8b1e594fb46473ff8340ddee,2.0,212076.75,0.0,0.0,0.0,4.0,0.0,0.0,0.0,0.0,2535.0,0.0
consecutive/5647ce63014bd1673eda13417604bfe5b89c46dcdc913fa5ef6788b5dbdd981d,1.0,73905.75,0.0,0.0,0.0,1.0,1.0,0.0,0.0,0.0,585.75,4633.5
consecutive/56b8f1deac3823656b5274cbbd633551945d5f2b42350b4c4a1fe5b012bc3df3,2.0,116555.25,0.0,0.0,0.0,4.0,0.0,0.0,0.0,0.0,1302.0,0.0
consecutive/57aa2ab56ad5d3c40ca6ea6f877393d804929067b7a9ae8820239a8000bff137,3.0,229948.5,0.0,0.0,3.0,3.0,0.0,0.0,0.0,1687.5,1493.25,0.0
consecutive/5864ed88960d298a4a79f9beb5f1148b979c3ede8615f64e9d18e886c0434a80,2.0,105376.5,0.0,0.0,2.0,1.0,0.0,0.0,0.0,2271.75,714.75,0.0
consecutive/58afa5c553796f60ffec74bd116b01f4c0d9a1d1117b9e47cb8440076ba71c01,2.0,129385.49834990501,0.0,0.0,3.0,1.0,0.0,0.0,0.0,1890.5999915599823,1623.5999569892883,0.0
consecutive/58f4c7628b0a602b1423fab27371c65acae50ac993829b0d882f3a698463c8fe,1.0,61650.75,0.0,0.0,0.0,2.0,0.0,0.0,0.0,0.0,1283.25,0.0
consecutive/59b64897c1b11ed98622af0468b0a4a04fcce593b47e04ea5bb8d162e7610c6c,1.0,47574.75,0.0,0.0,1.0,1.0,0.0,0.0,0.0,504.75,416.25,0.0
consecutive/5a4eb3ece97aa576ffcfee16b6b2037f631d5770d96e83ee1fa16e3f926dc809,2.0,110341.04859507084,0.0,0.0,0.0,2.0,0.0,0.0,0.0,0.0,2273.249971151352,0.0
consecutive/5aa3d6100259874129e84deeed83e7c51845e23b39cfd138cba14ce8e503439b,1.0,85189.5,0.0,0.0,0.0,1.0,1.0,0.0,0.0,0.0,472.5,2238.0
consecutive/5b593b436eadec195c364336484f1f449050b6edb46688bcf49f5db8d5c06c36,1.0,105975.75842219591,0.0,0.0,0.0,1.0,0.0,0.0,0.0,0.0,339.7500270009041,0.0
consecutive/5b844160d17b74b02935feffaca955bc602fef72508efd37f8ca65e9eab6cc98,2.0,152578.50581115484,0.0,0.0,1.0,3.0,0.0,0.0,0.0,456.75,1503.7500656843185,0.0
consecutive/5bf4184cc4b5db41905badd1a393cac9a50513c7ef91311634469c763df27104,1.0,90689.25,0.0,0.0,2.0,1.0,0.0,0.0,0.0,3879.75,399.0,0.0
consecutive/5bf5d8508100ecd5bf159276424dc3fde9d47f85d551505b8a4f12304745394a,1.0,95352.75,0.0,0.0,0.0,1.0,0.0,0.0,0.0,0.0,1038.75,0.0
consecutive/5d2a0b6347cbabf27480b52756353b22c180ab4c8f2b5407ca2494ab4fd3c06a,1.0,49488.75,0.0,0.0,0.0,1.0,1.0,0.0,0.0,0.0,717.75,1095.75
consecutive/5db24b60a66ffd95a4f6ccd9b6646e0acc7676b464c1002d3fd021be21535952,2.0,167046.75,0.0,0.0,2.0,0.0,0.0,0.0,0.0,4231.5,0.0,0.0
consecutive/5e3d5def5714b47c6390dda5fec24148dc1bed42215a520080a824766aac8289,2.0,59636.25,0.0,0.0,1.0,2.0,0.0,0.0,0.0,762.0,1922.25,0.0
consecutive/5e41a04946e35c7a45885a3435f2751add853aae7831990eee7a828f1dbf9cde,2.0,487427.5602940321,0.0,0.0,0.0,2.0,0.0,0.0,0.0,0.0,3804.300053715706,0.0
consecutive/5e9d77fb2e2598d6c763825f1940fc3a2066c73378a6a700cfa541fc463cbc96,1.0,52848.0,0.0,0.0,0.0,1.0,0.0,0.0,0.0,0.0,622.5,0.0
consecutive/5f5464b37473dbce4eb53952f371963967790d9f331ae16633c14ed146f809f9,2.0,187246.5,0.0,0.0,1.0,4.0,0.0,0.0,0.0,1108.5,3334.5,0.0
consecutive/5fa730656783e47ee0a989302bdd527bc5581e58037c9e7f971b05abe6c0d21a,1.0,71841.75,0.0,0.0,0.0,0.0,1.0,0.0,0.0,0.0,0.0,1084.5
consecutive/606f565e93d8ae3001bed23bfa3b57eade63aa0058896e02a91e40ba5f303ceb,2.0,169215.75,0.0,0.0,1.0,2.0,2.0,0.0,0.0,378.75,908.25,885.75
consecutive/611dc034ca28f27b9f64c6f2f7912d3f05b8d46f0b5a8edb773ea03eccfe84ae,2.0,96782.25,0.0,0.0,1.0,2.0,0.0,0.0,0.0,491.25,1928.25,0.0
consecutive/638177e60aae5d22edcb36c5933f79d3860a32827ed3455fdbe4a2f75353e4f6,1.0,100722.0,0.0,0.0,0.0,1.0,0.0,0.0,0.0,0.0,53.25,0.0
consecutive/63ac245a4ef3abdd304eaa15f0b0d0ad1977d8dc7a1f273ef332ae9e0366db13,3.0,397518.0,0.0,0.0,0.0,3.0,0.0,0.0,0.0,0.0,2424.75,0.0
consecutive/647ea0652cff2b1fb0bbc30603b2a21f8dacc855bf6384317fcb1290b95e5999,1.0,112719.75,0.0,0.0,0.0,1.0,0.0,0.0,0.0,0.0,829.5,0.0
consecutive/66879d053a20fad293f35aea28aed66de8ed5b1b2aefd64b8364862ce10f3c2e,1.0,49155.74609345198,0.0,0.0,0.0,0.0,1.0,0.0,0.0,0.0,0.0,4985.9996037483215
consecutive/66bb48fc6ef334542deda212589d79168d03d38e9101825e6c31fe2b418679c3,1.0,62322.75,0.0,0.0,1.0,1.0,0.0,0.0,0.0,403.5,794.25,0.0
consecutive/6700cd3524bdfe5a822daf1e4cdf4f461dce92d89fa0288f1b21fbe669b7099d,2.0,189057.0,0.0,0.0,3.0,2.0,0.0,0.0,0.0,2880.75,2281.5,0.0
consecutive/67b35fbb01ae7790756c106865dbf1cb24077750215c4494442e1a8fd346f68f,2.0,107671.5,0.0,0.0,2.0,2.0,0.0,0.0,0.0,1596.0,700.5,0.0
consecutive/699be1df07ccca16c177caf20f72e014132ddd71522bbccf7c06410fc912ff23,2.0,275814.75,0.0,0.0,0.0,2.0,0.0,0.0,0.0,0.0,951.0,0.0
consecutive/6a0f0e69739d1385f8fb02c50db27bbfe68983b168f1475f140884c5a2b9549b,1.0,28913.24770218134,0.0,0.0,0.0,0.0,1.0,0.0,0.0,0.0,0.0,2489.9998021125793
consecutive/6a484cb875dfd6182436ed82b3801987cc52c27581b607cb5240ecb8d9a0f861,1.0,123996.75,0.0,0.0,1.0,0.0,0.0,0.0,0.0,876.0,0.0,0.0
consecutive/6a4e2d52f73085833bb6e52c953e1189ccacb6e5c06201bf4dcd5d6e81cc1a7b,1.0,53399.99575614929,0.0,0.0,1.0,2.0,0.0,0.0,0.0,2171.9998273849487,721.4999426603317,0.0
consecutive/6b2800e3ec72e9214666b52f38c8b89483749caa454dacceea31fb8f3e7d1d15,2.0,184833.75,0.0,0.0,1.0,1.0,0.0,0.0,0.0,256.5,653.25,0.0
consecutive/6b3116a029805df0b0bcc45a2898fccf11c37a4465fd2317701e918a7dd35df7,1.0,74110.5,0.0,0.0,1.0,0.0,0.0,0.0,0.0,468.0,0.0,0.0
consecutive/6be6228dc8a2c06725bfd5d3a3cd710b148b1a34c919411e6b70a46ecd68bd8f,2.0,201726.75084978342,0.0,0.0,2.0,0.0,0.0,0.0,0.0,1415.2499427199364,0.0,0.0
consecutive/6d46b224df29de877f6014d6b5c3f2aa35e90bc5b7141216a1de6626b73d5346,1.0,132708.0,0.0,0.0,0.0,1.0,0.0,0.0,0.0,0.0,481.5,0.0
consecutive/6d9a76045b190eb151b203f3b6f346326650cfe4569f22d8f8981529093d4e9a,1.0,93686.25,0.0,0.0,0.0,1.0,0.0,0.0,0.0,0.0,1223.25,0.0
consecutive/6f38ef7243cb0ac6c52c320675e5edfd7926cd977f467722d54444d16dcf870d,1.0,49615.5,0.0,0.0,0.0,1.0,0.0,0.0,0.0,0.0,443.25,0.0
consecutive/6f3e963212929f20d9e74c395ddfe6e6afb1ac162461417f4cfe29391afeb45f,1.0,75755.25,0.0,0.0,0.0,0.0,1.0,0.0,0.0,0.0,0.0,35424.0
consecutive/708e2f2d04ffb70438a86eec85d362a67f972f47eef44196f9234274229a2d50,2.0,371304.0,0.0,0.0,0.0,2.0,1.0,0.0,0.0,0.0,1162.5,402.75
consecutive/70eef2a39d96dcf1dec0b347aa071d369e0da8037f34e45d9254369e9d45a078,3.0,228295.5,0.0,0.0,1.0,0.0,0.0,0.0,0.0,1257.0,0.0,0.0
consecutive/7161c833311a8944eda7c8d78791376027cde301a0c169130a7d6eece45d48ee,1.0,80245.5,0.0,0.0,1.0,0.0,0.0,0.0,0.0,738.75,0.0,0.0
consecutive/73458ddb9dbd8feaf610857af3db146cb806f79b08517f93935fa420a713d8e0,2.0,296880.2959022522,0.0,0.0,1.0,2.0,0.0,0.0,0.0,261.0,235.19999647140503,0.0
consecutive/74664017f5c00214f7345a999d19e62b79cabfb5b84f91fa4fe9327324b8cecb,1.0,111773.25888293982,0.0,0.0,1.0,2.0,0.0,0.0,0.0,2028.0001611709595,2339.250185906887,0.0
consecutive/75daa96b3ff9ca498e22d484b3b3958d86d9d034a3e757dd1fa944afdc0201dc,1.0,84528.75,0.0,0.0,1.0,0.0,0.0,0.0,0.0,733.5,0.0,0.0
consecutive/78ec699766c2c839399131833c4ef5ced379c2c0ae146e0cdf83ef86728e1e80,1.0,114666.0,0.0,0.0,1.0,0.0,0.0,0.0,0.0,1554.0,0.0,0.0
consecutive/790b284857adf666b3d22134b3f0b3876ffaec7b96fb8f3fc7c189e6190af112,2.0,286315.5,0.0,0.0,0.0,0.0,2.0,0.0,0.0,0.0,0.0,11889.75
consecutive/7919c437f7c97277dfafa1b56e223f7f4929e5807cc623262d2fe97f453ab46d,2.0,181335.75,0.0,0.0,0.0,2.0,0.0,0.0,0.0,0.0,1932.75,0.0
consecutive/792dce78472f634e7a4c8679974d33770c21c7bef53ed14c93c470f0f97841cf,1.0,43607.25,0.0,0.0,0.0,2.0,0.0,0.0,0.0,0.0,761.25,0.0
consecutive/79ab794ef08b62d340d2f423ff2a04f277b264f2201e5a37b1b31de02c8f15a4,1.0,46760.25,0.0,0.0,1.0,1.0,0.0,0.0,0.0,791.25,81.0,0.0
consecutive/79d6724ae7890b957932be3f92c1d5a71604213012e3398a33e2ca4aa9a305a4,1.0,161176.5,0.0,0.0,1.0,0.0,0.0,0.0,0.0,324.0,0.0,0.0
consecutive/7a9c41a6633e84efcbb6e87630a1a94fcb1445b8897cad84e6a31abbdb7d1d75,1.0,35970.0,0.0,0.0,0.0,1.0,0.0,0.0,0.0,0.0,2094.0,0.0
consecutive/7c2c2e9d119da7d8573f9a26ec57addb499981c2fc4ca3253b23255a565a7eea,1.0,43936.5,0.0,0.0,0.0,1.0,0.0,0.0,0.0,0.0,1636.5,0.0
consecutive/7c9f59108dcc2ad41e2dd9a1b0de101f4b98ce0bab4517079ec3e436b7527b2c,1.0,119726.99682831764,0.0,0.0,1.0,0.0,0.0,0.0,0.0,835.1999778747559,0.0,0.0
consecutive/7d5b634d904f5975911d32b35aa1321fa712a269bb57ffcaaf2bb456ec42c284,1.0,36013.5,0.0,0.0,0.0,0.0,1.0,0.0,0.0,0.0,0.0,6594.75
consecutive/7db6d8f3fb9cc7ed3ac21288bd1ea61a3b84b9fd1f028d9b7ffe0c9f7f2693ea,1.0,49313.25,0.0,0.0,0.0,1.0,0.0,0.0,0.0,0.0,741.75,0.0
consecutive/817a87d32a6eba6d4d6cb53b68ff45d2cc76938a8895b24eb102c7920c97484f,1.0,37389.75,0.0,0.0,0.0,2.0,0.0,0.0,0.0,0.0,251.25,0.0
consecutive/82327c4776f9028df044ec7710383567649a437805ec2ec41a7193204fdcef12,1.0,119029.5,0.0,0.0,0.0,0.0,1.0,0.0,0.0,0.0,0.0,2333.25
consecutive/829521f8c01602756a1d3aa120fffeca52dd4d5499525b4eb657535a875aed69,1.0,41122.5,0.0,0.0,0.0,0.0,1.0,0.0,0.0,0.0,0.0,31444.5
consecutive/84047207597ea12b33c64261b1f888a8f1739d4b182bf7bd80bf68f02b1c277f,1.0,97941.0,0.0,0.0,1.0,1.0,0.0,0.0,0.0,301.5,141.75,0.0
consecutive/8788a258460f225cf8c693501e8068ce7ff14da133d4c7993dd9262bd65d15aa,1.0,31073.25,0.0,0.0,1.0,2.0,0.0,0.0,0.0,701.25,316.5,0.0
consecutive/89d0cbc7a5d14f17338f62426f24e910b5615dd58fb384f0e1bddf32a5132e63,2.0,96244.5,0.0,0.0,3.0,0.0,0.0,0.0,0.0,1702.5,0.0,0.0
consecutive/8a9f327f59538ee52fc11ba6145682d38eafae0db1f29baedabcc245c318cf80,1.0,51771.0,0.0,0.0,0.0,0.0,1.0,0.0,0.0,0.0,0.0,1128.0
consecutive/8ab26d3ca010258c9a6a1c9f6ed81a46c6fda3ec72a35914e77bbac30a8bdca6,1.0,49228.5,0.0,0.0,1.0,1.0,0.0,0.0,0.0,1244.25,154.5,0.0
consecutive/8bdcea86b018371092414f248ce1421ab822d3f1dfca5f9562c17c91a66ac5da,1.0,211204.5,0.0,0.0,1.0,1.0,0.0,0.0,0.0,1487.25,1035.75,0.0
consecutive/8c57a8cc54338ceb6e281897a9d605a45e04b5d98a7fd5b7871d4a5d0e9ff59a,1.0,96785.25,0.0,0.0,0.0,1.0,0.0,0.0,0.0,0.0,1453.5,0.0
consecutive/8cf81bea4de53453d4219e391ce0139939a6c3beaef96db0b8f861dde15fea19,2.0,194677.50785923004,0.0,0.0,0.0,2.0,0.0,0.0,0.0,0.0,3663.7501742839813,0.0
consecutive/8d544466045aec90e571f9ac536f9b8143e042ef7cc2b34202622c49d6051732,1.0,132456.0,0.0,0.0,1.0,0.0,0.0,0.0,0.0,414.0,0.0,0.0
consecutive/8d67c0a0dc1178c107d3c2660c2915284a1c62f3d59a530065c46a750ab771d1,2.0,301191.0113992691,0.0,0.0,3.0,0.0,0.0,0.0,0.0,8253.75051164627,0.0,0.0
consecutive/8ef559de00ca8581b258ce1a799b589602d4c1edf7312a9ffdd496a0a4d8f0f8,1.0,73740.75,0.0,0.0,0.0,1.0,0.0,0.0,0.0,0.0,1201.5,0.0
consecutive/8f04221d3a2388848d57d28677cc2fdd3996079558347b08a40b6743601f573a,1.0,51567.75,0.0,0.0,0.0,2.0,1.0,0.0,0.0,0.0,780.75,614.25
consecutive/8f4f5111af7babf03f48d281593a3bc738c28f4a64b3202cc018d21fdbc14deb,2.0,166614.75344735384,0.0,0.0,1.0,2.0,0.0,0.0,0.0,1661.25,1430.5500392317772,0.0
consecutive/8f98ddd83ce517aa23a9e886b06dad937dd85978388362e041dd4dd51eae0501,1.0,43877.25,0.0,0.0,0.0,0.0,2.0,0.0,0.0,0.0,0.0,2717.25
consecutive/902fe68587e0a6082c5c1407cf3cf416b16c4d89bf474e6e641a0c86ccce5585,2.0,219152.25,0.0,0.0,1.0,3.0,0.0,0.0,0.0,997.5,2707.5,0.0
consecutive/905bacf29a381bc52a73a634b05e872a96925ef36aacf49fbcb19903bcf4bdd1,2.0,71318.25,0.0,0.0,1.0,5.0,0.0,0.0,0.0,1479.75,5268.75,0.0
consecutive/90e5573d78f4ba0b6d5b7b0feacf694ac0eda271365eaed53b26df4cce5316ea,1.0,115271.25,0.0,0.0,1.0,2.0,0.0,0.0,0.0,2137.5,1182.75,0.0
consecutive/9255812ad9213e484f95eec88fa620437331b7f476105249ab6a33c287f5677b,1.0,85708.5,0.0,0.0,0.0,3.0,1.0,0.0,0.0,0.0,1290.0,716.25
consecutive/92d48bae3872c6bc883c5e9dd2715a05c3ab678926a1734ceedbb950f800af3f,2.0,128412.4482243061,0.0,0.0,2.0,1.0,0.0,0.0,0.0,1841.549970149994,171.75,0.0
consecutive/9403879e472bf207417e6c70f0eec22dd00040c26b1c8c94cedad032b99a1e5f,2.0,106452.75,0.0,0.0,1.0,1.0,0.0,0.0,0.0,677.25,888.75,0.0
consecutive/9494511b88cde544c96332a82ed8d7e32ce08a33ef73c9d780fa8753beb2be6b,1.0,51840.0,0.0,0.0,0.0,2.0,0.0,0.0,0.0,0.0,1145.25,0.0
consecutive/95b20ca5d4d27efe9ad8cc3ec47baea9fbf7ce40d100e1f7dffa4b2c67c4ac90,1.0,73454.25,0.0,0.0,1.0,0.0,0.0,0.0,0.0,841.5,0.0,0.0
consecutive/95c867d3c3bbdef636b0edfe0bb4610ec95743bb5371e7df89a72b2a93a0bfb0,2.0,129537.75,0.0,0.0,0.0,2.0,0.0,0.0,0.0,0.0,1331.25,0.0
consecutive/9732e1ecb1e389554cb0e9d9184939f6b7f087fda260820af77c49143976c84e,1.0,69927.29814755917,0.0,0.0,1.0,1.0,0.0,0.0,0.0,2533.49993288517,949.4999748468399,0.0
consecutive/985b992c15be3fcbc937590c7ee834e4a247974aec63907040e8b10802d7a37a,1.0,63765.0,0.0,0.0,0.0,1.0,0.0,0.0,0.0,0.0,670.5,0.0
consecutive/9a0a6f32459691892af8712a37f608b0f121facf35fa6efc6450264340f81ed4,1.0,31752.75,0.0,0.0,0.0,0.0,1.0,0.0,0.0,0.0,0.0,5049.75
consecutive/9b29f872fc8fd93cb17b3d61d2d448ae4ad4e472d8748c81c99a7e881330c3d3,2.0,142215.75,0.0,0.0,2.0,0.0,0.0,0.0,0.0,2873.25,0.0,0.0
consecutive/9b79ce3af73ca056013bb87f843a41fb8f2249c9c2349461a5078c1ed53e484c,1.0,35103.0,0.0,0.0,0.0,0.0,1.0,0.0,0.0,0.0,0.0,3357.75
consecutive/9cfbe843e18ff0addb15de4a060d3a398b92099052787a0189b6f3f2ec9a6bc2,2.0,181343.98558807373,0.0,0.0,1.0,1.0,0.0,0.0,0.0,700.4999443292618,461.9999632835388,0.0
consecutive/9d8045d0296998748bdc9bc83a52dd058a904c0130420cba905b594e32836786,1.0,63726.0,0.0,0.0,0.0,1.0,0.0,0.0,0.0,0.0,439.5,0.0
consecutive/9e5e133696ebc9e5e0a5a9a807b9c1bfc5480efe8f283d795d8ed9135e39027d,1.0,91079.25,0.0,0.0,0.0,1.0,0.0,0.0,0.0,0.0,225.75,0.0
consecutive/9ecbd01e1550c16355c68f15c04d453ca9b4fc58d88d8dc14fc18269664cd300,1.0,63810.0,0.0,0.0,0.0,1.0,1.0,0.0,0.0,0.0,274.5,3188.25
consecutive/9ee51bfde61d9e86a9a6324d0276dfdc0a5c9e1a0de30519aa73c388afe6d83e,1.0,84897.75,0.0,0.0,1.0,0.0,1.0,0.0,0.0,532.5,0.0,1754.25
consecutive/9f8977c847bc16ab0a7bb0cb6aae934545439a32a8bc2ec842f546f78ad1dca9,1.0,61593.75,0.0,0.0,0.0,1.0,1.0,0.0,0.0,0.0,567.0,1397.25
consecutive/a1b182d6e1c2b9546353948730ea5e0a08d43516014a23fad21542dd608a4781,2.0,329458.35697710514,0.0,0.0,1.0,1.0,0.0,0.0,0.0,722.25,967.5000384449959,0.0
consecutive/a239a75b6e09a70e54eaadcb05f66c7efac9357ce450e67a344ef616c50e9cf7,1.0,161579.25,0.0,0.0,1.0,0.0,0.0,0.0,0.0,533.25,0.0,0.0
consecutive/a2fa754fab97b72f09f75671f2cfad6d9f22f1da70242ca5c78d0c454e565d7a,2.0,364555.5,0.0,0.0,2.0,4.0,0.0,0.0,0.0,2037.75,1266.0,0.0
consecutive/a379df8e5008d3cb5f13f39bcac77fe3dac5c751f7a178163dbc02c56fd12db6,1.0,43892.25,0.0,0.0,0.0,1.0,0.0,0.0,0.0,0.0,588.0,0.0
consecutive/a66251666563f2435e79d4ab99f5dc14ed837ccf8c93bd0a1ce94ed86d0522b1,2.0,132618.0,0.0,0.0,0.0,0.0,2.0,0.0,0.0,0.0,0.0,3769.5
consecutive/a78081755724aa7db9662d5f7bc83eb6261b3b8e0f76af0216cfb6e7ec84bdd8,2.0,211000.5,0.0,0.0,2.0,2.0,0.0,0.0,0.0,468.75,552.75,0.0
consecutive/a8a14992fef3197b6b7cfaba2ddc2bed61c8236f09f676a4028044cfb24105a1,1.0,139672.5,0.0,0.0,0.0,0.0,1.0,0.0,0.0,0.0,0.0,1080.75
consecutive/a90f2613f0d15d9e25a518a87c2b1fbaf499124d5b1e47af8fe00a3d3da206a5,1.0,87842.25,0.0,0.0,0.0,2.0,0.0,0.0,0.0,0.0,759.0,0.0
consecutive/a9f5dab8cd1c2db01d3e310f03e5234e882e32a1f133ede1f6b7abfe63de9912,1.0,43713.0,0.0,0.0,2.0,0.0,0.0,0.0,0.0,557.25,0.0,0.0
consecutive/aa0164333cd38143534e6e8e8ae753e8527013b86684a412485af7e578fe2712,1.0,55938.0,0.0,0.0,0.0,1.0,0.0,0.0,0.0,0.0,369.0,0.0
consecutive/ac1a4260f7d095853b9a662026d9c297429fe2cd14d850834a27ee47f265e017,1.0,83635.5,0.0,0.0,0.0,1.0,0.0,0.0,0.0,0.0,6576.75,0.0
consecutive/ad08fbf1482adb1c710c86b058cd0ff5ffeeefa7c97aab00dbd1f2390ae66e46,2.0,377447.2571336031,0.0,0.0,4.0,2.0,0.0,0.0,0.0,3221.550062119961,2462.400097846985,0.0
consecutive/adb4dbf2fae2cf8aece47d5cf5e30bc1b6d80f4d43aba7066a91d5777f8e99c9,1.0,39003.0,0.0,0.0,0.0,1.0,1.0,0.0,0.0,0.0,888.75,2430.75
consecutive/ae7826144024328d9119e96b5a54d2458e339f5dcd310259a0ac42c00c27d334,1.0,40059.75,0.0,0.0,1.0,0.0,0.0,0.0,0.0,459.75,0.0,0.0
consecutive/af544fab79d3d66c4122b180231a448c4f08004e58d54a3eca1d47bf4c4be60a,1.0,76040.25,0.0,0.0,2.0,0.0,0.0,0.0,0.0,819.75,0.0,0.0
consecutive/af7d7f47bc60062422188dded36c8d9fa9616c4cca0546d5f19c33d8ce53501a,2.0,170142.0,0.0,0.0,2.0,0.0,0.0,0.0,0.0,6969.0,0.0,0.0
consecutive/af980dfc3c5ee58e81a7004a7a9ef1d8d40979ec5c1e83074174914adb4c98ca,1.0,35352.74719041586,0.0,0.0,0.0,0.0,1.0,0.0,0.0,0.0,0.0,1350.7498926520348
consecutive/af9bf4d4a403aa6120c368d495408e2a8361e4f3a6c0f7f63685863be3c3d158,2.0,161027.25,0.0,0.0,2.0,0.0,0.0,0.0,0.0,831.0,0.0,0.0
consecutive/b0398642101859178a7724d8b03d369cc9667dd61286caf351a64a1d5ec00b45,1.0,37054.5,0.0,0.0,1.0,2.0,1.0,0.0,0.0,531.75,1073.25,1203.75
consecutive/b043ca7abdde61573addad6704815f5ad30299e9c3ad4d86a3635edd6de27d4d,2.0,418753.5,0.0,0.0,1.0,3.0,0.0,0.0,0.0,515.25,1780.5,0.0
consecutive/b24ffd8371f955e962b5a5ba152b428051fcfca1195fb249cb094f2bdb459fe4,2.0,118834.50470519066,0.0,0.0,3.0,3.0,0.0,0.0,0.0,2628.0001050829887,1680.0000673532486,0.0
consecutive/b250153aef10622b4fc49967d6a2da088338c0a0c068dc58c46507bc39d933fb,1.0,46295.25,0.0,0.0,1.0,2.0,0.0,0.0,0.0,1599.75,1083.0,0.0
consecutive/b346760da3806972110aa16f438c3c4d4eff2a6096820f495190b06a67ead3ef,1.0,36082.5,0.0,0.0,0.0,0.0,1.0,0.0,0.0,0.0,0.0,1661.25
consecutive/b4fcb73c8a68e4a1a22636206a4769b919d056dd2952d97d107877105f6f55aa,2.0,387256.0450832844,0.0,0.0,3.0,0.0,0.0,0.0,0.0,4723.9499723911285,0.0,0.0
consecutive/b593c44bfb138d5bf0ebbaa05542a2f3954c38ec5c5aa23c1a0e111ed655bdec,1.0,64107.75,0.0,0.0,0.0,1.0,0.0,0.0,0.0,0.0,125.25,0.0
consecutive/b7a22ad6a26bdafb8284c0e76868ea35e5953e30c68d162cce3e3a0237893fca,1.0,37743.002999544144,0.0,0.0,0.0,1.0,1.0,0.0,0.0,0.0,687.0000545978546,2437.5001937150955
consecutive/b9a6a8b690c9dc26210767110ec90e8645744ea579d72b03a0469285e61c7dae,2.0,211365.0,0.0,0.0,3.0,2.0,0.0,0.0,0.0,2764.5,1918.5,0.0
consecutive/ba01f1a9d59b8faaba1339aa1e83c4b0112b53b1432559b776582f413849780e,1.0,49705.5,0.0,0.0,0.0,2.0,0.0,0.0,0.0,0.0,1878.75,0.0
consecutive/ba5327292c831c63a2346a254d1024043f491add43723ce2e7c0b16b5121f348,2.0,323209.5,0.0,0.0,0.0,2.0,0.0,0.0,0.0,0.0,859.5,0.0
consecutive/ba814e0cbbcd46a19993a2020a08db4f616c779411b3c4af2f40b67b38729732,1.0,54395.25,0.0,0.0,0.0,0.0,2.0,0.0,0.0,0.0,0.0,2004.0
consecutive/bbb9239a7ef239ac99a13baa103346a0c44aa17f8fe6ce126ba26bf7230d23bf,1.0,69460.5,0.0,0.0,0.0,1.0,0.0,0.0,0.0,0.0,369.0,0.0
consecutive/bbe4a8a5c716387f6a9792613d9ca1e7b5746b22faf3cd367825c12fa2985de4,1.0,30673.5,0.0,0.0,1.0,0.0,0.0,0.0,0.0,446.25,0.0,0.0
consecutive/bc3795d2a079c7d98e3c45ce70751f8e08f6f9e0b4ad4156915c0321eafddd80,1.0,73197.0,0.0,0.0,0.0,2.0,2.0,0.0,0.0,0.0,730.5,3057.75
consecutive/c3df5f57bfbf67f6ed9988b8c473b8e1ec33c1e3aaebfb10ec2fa4c1909be03c,1.0,53655.0,0.0,0.0,0.0,2.0,0.0,0.0,0.0,0.0,929.25,0.0
consecutive/c3e6fdef257ef4070760620773621eaab44424aa9931f1ede652c162b80271d4,2.0,106170.0,0.0,0.0,2.0,0.0,0.0,0.0,0.0,1533.75,0.0,0.0
consecutive/c5bc376e86784efb876893335352e2f3bd65ffd397d514a1fa09495b8e1e0b39,1.0,101912.25,0.0,0.0,0.0,0.0,1.0,0.0,0.0,0.0,0.0,2934.75
consecutive/c64c6cff24dbd6b8436d3ef148753d8f1fd36025fe152be4fad8995f8f2135a2,1.0,64044.0,0.0,0.0,1.0,1.0,0.0,0.0,0.0,412.5,190.5,0.0
consecutive/c6b8cfa428b25c097da57b1f1bc329fdcfcc3e018c2ec7dace5b1ed58be9f869,1.0,51948.75,0.0,0.0,0.0,0.0,1.0,0.0,0.0,0.0,0.0,2688.0
consecutive/c780ef69faba5f9447f86ca448e96a900e24c26f33048525eeb5b857f2c5def9,2.0,170546.99288409948,0.0,0.0,1.0,5.0,0.0,0.0,0.0,146.99998831748962,1504.4999585747719,0.0
consecutive/c9d679de6fb922b5d26c7c1973277a443aa3e5846c5cd8ee025ad3229a0fd86a,1.0,72402.75,0.0,0.0,1.0,0.0,0.0,0.0,0.0,687.75,0.0,0.0
consecutive/cc5490c968a2cd62b2bace33e667d947866337f2f6925235615c262f197f0e26,2.0,149909.25,0.0,0.0,4.0,0.0,0.0,0.0,0.0,818.25,0.0,0.0
consecutive/cddc74cc7ac0a22f7ab709f1aacb58b7fa1c32a10eb977925d602b872f4d2d57,3.0,219745.5,0.0,0.0,9.0,1.0,0.0,0.0,0.0,4938.75,1472.25,0.0
consecutive/cf7ccb93407d9764c48ba265721d24a320e3b1b91159da0fd61572d0ef081ed2,1.0,122731.5,0.0,0.0,0.0,2.0,0.0,0.0,0.0,0.0,2049.0,0.0
consecutive/d00019b04c5c6696d716761566c9b33cf6bc8f12e5cab42674c03bf46a7a5423,2.0,195363.75,0.0,0.0,1.0,1.0,0.0,0.0,0.0,283.5,354.0,0.0
consecutive/d0bdec08cdf0fa956edc88431cf2bf97149f1008d27ffaf106a619f51fb1f61d,1.0,36193.5,0.0,0.0,0.0,1.0,1.0,0.0,0.0,0.0,670.5,2146.5
consecutive/d0dbce2da1845e9922b2f2decbb8c0d9801802f7c07ca6b48cd453e72bd2646f,1.0,74478.75591903925,0.0,0.0,0.0,1.0,0.0,0.0,0.0,0.0,534.7500424981117,0.0
consecutive/d12db5eef4446499f75cb8ba807dd541c54f181a8e9ee35fec74ac61389da223,1.0,124080.0,0.0,0.0,1.0,0.0,0.0,0.0,0.0,1536.0,0.0,0.0
consecutive/d15b1c0b768e73fb0bdc8a0a4a7c6c9f63354b0ef2a28bdfc653c4cff600ab6a,2.0,155886.75,0.0,0.0,3.0,0.0,0.0,0.0,0.0,1717.5,0.0,0.0
consecutive/d228d312277c5db9a8e53a187602997c3d909af895e95cbe2ba2443b71a50e96,1.0,115161.75,0.0,0.0,0.0,1.0,0.0,0.0,0.0,0.0,230.25,0.0
consecutive/d3875819628626fae9294148270cd3f9b3ea2979f1258464b69fc413a0f225c5,1.0,49978.5,0.0,0.0,1.0,0.0,0.0,0.0,0.0,1041.0,0.0,0.0
consecutive/d50b563a396283e188481e9dc4bdc7432474c9c3e65de010c2f88ae1cad7d587,1.0,113274.875,0.0,0.0,1.0,0.0,0.0,0.0,0.0,424.375,0.0,0.0
consecutive/d5ba0ae3e46ffb74779441aacc474a954388ca52a17185e1d74fbe8ffca9314e,2.0,130654.5,0.0,0.0,0.0,2.0,0.0,0.0,0.0,0.0,2262.0,0.0
consecutive/d5d69f84094f30c882c96b0e43a58dbf6ebe47716a96c1150e7916b3f0ae7878,2.0,154399.5,0.0,0.0,4.0,3.0,0.0,0.0,0.0,4480.5,1506.0,0.0
consecutive/d97d6a1b369eba288d4d013b829db1ca5da0a7c0159d7b8475d98f28c132e8f2,1.0,35888.24714785814,0.0,0.0,0.0,0.0,1.0,0.0,0.0,0.0,0.0,1493.2498813271523
consecutive/d97f8ac186d90a6ef4bdff6b751dc2d2be68c8b094cd3b91b26b4b1d60b28aba,1.0,115179.0,0.0,0.0,1.0,1.0,0.0,0.0,0.0,707.25,279.0,0.0
consecutive/d9ede0bb748e485edff25905679fbf8a2b261231edfcecfe239cce1c094b0027,2.0,298023.75,0.0,0.0,0.0,4.0,0.0,0.0,0.0,0.0,2352.0,0.0
consecutive/dbde3cf864c41e8a6dfe66b5c50e497eee18e0ffd036153a6890d681d4c552fb,1.0,90469.5,0.0,0.0,1.0,0.0,0.0,0.0,0.0,1329.0,0.0,0.0
consecutive/dda1c4ae172f338ebf3f11bcbb1829332dfff9fef40062bd29ac068771685322,1.0,77469.0,0.0,0.0,1.0,0.0,0.0,0.0,0.0,411.75,0.0,0.0
consecutive/de24ad979636c3caec1a70fa3c7adce4efbe170bb9d599d0a900d0bc76a6cb26,2.0,354690.75,0.0,0.0,0.0,0.0,2.0,0.0,0.0,0.0,0.0,4208.25
consecutive/e02cef8c6b6a00b34f341f801e654d12a9686a0ac861076775d833b29215090e,1.0,38222.25,0.0,0.0,1.0,0.0,0.0,0.0,0.0,1899.75,0.0,0.0
consecutive/e03c75637b16ec5af73246fe8c72c9b96618871095cb1938e6ec42f290ae42fb,2.0,97008.75,0.0,0.0,2.0,1.0,0.0,0.0,0.0,404.25,135.0,0.0
consecutive/e418b85de5e2ab3eb81d58438b00cb0fcb6e0b29404d9101066d85ec87f3b112,1.0,47463.75,0.0,0.0,0.0,1.0,0.0,0.0,0.0,0.0,164.25,0.0
consecutive/e4ce7dc5281aceda9136ed64f7f47a1690216f9eca97785b0143f8ab05629e25,2.0,102230.25,0.0,0.0,1.0,2.0,2.0,0.0,0.0,1956.0,2672.25,6746.25
consecutive/e7ccb2dc8fd7534d832d1431dce6b1a086c70aa11d87478cc19d112a0918c6d6,2.0,140208.75,0.0,0.0,2.0,0.0,0.0,0.0,0.0,840.0,0.0,0.0
consecutive/ea487e4c8bafdfccfb7014b8a238c8171df27f2adf9cd6de3ea8ca46635b5199,1.0,70883.10281664133,0.0,0.0,0.0,0.0,1.0,0.0,0.0,0.0,0.0,3083.400122523308
consecutive/eacc6504903d57ff1bfa5dcadc4f924329808cb02cbbe401b5026b55e1800a15,2.0,124329.00578588247,0.0,0.0,2.0,1.0,1.0,0.0,0.0,2502.750097692013,946.5,1176.7500935196877
consecutive/eb21833a0fc404075b87ce24dc96338fc953a111d758b6aa2897351f7b88a20c,2.0,119541.0,0.0,0.0,3.0,5.0,0.0,0.0,0.0,1530.0,1010.25,0.0
consecutive/ebfcfafa5a8c7cb04fc930f062a493d178002f63f5af6ae77a1d2f13813e88c5,1.0,30363.75,0.0,0.0,0.0,0.0,1.0,0.0,0.0,0.0,0.0,4628.25
consecutive/ec5b658a511ea986acb4917ac55d3de2bd3ef5045ec61cf681d44f56a4c11a8e,2.0,147276.75,0.0,0.0,2.0,0.0,0.0,0.0,0.0,1875.75,0.0,0.0
consecutive/ee0318043018fd449f8d709cb779c618e946e8281490c2fa13ca1e61f399b7d9,2.0,140724.75595748425,0.0,0.0,3.0,2.0,0.0,0.0,0.0,4539.00021559,1152.7500483989716,0.0
consecutive/efb379c89362ae109c89d8c7b50e5ee654d3b57d5b17fa64e79da917d43187a6,1.0,65816.25,0.0,0.0,1.0,1.0,1.0,0.0,0.0,1119.75,78.75,1497.75
consecutive/f2d849d99c89300aa665c2e140f615437b48f37bab142450c05c393b146fa865,1.0,176481.75,0.0,0.0,0.0,2.0,0.0,0.0,0.0,0.0,1745.25,0.0
consecutive/f310c25f790bfe93d8e385513631358e680e0ec939890a27b62c985458adc91d,3.0,170386.49532788992,0.0,0.0,1.0,4.0,0.0,0.0,0.0,651.75,2778.749918818474,0.0
consecutive/f5f45d8f42bfaf78a073bd175b20beca7559bc1c36454bbb0ad419e5d97212cd,1.0,42158.24664956331,0.0,0.0,0.0,0.0,1.0,0.0,0.0,0.0,0.0,31655.997484207153
consecutive/f64b25e27c54b6024a0153f8017e065b2d7c80e6a6baaa9d83b6c54644c22ca8,1.0,35287.5,0.0,0.0,0.0,1.0,0.0,0.0,0.0,0.0,1005.75,0.0
consecutive/f7669146af515597d7169ca7f7a8f585857d00db1a7cb3bbbaeb8eca51e551d7,2.0,193227.0,0.0,0.0,2.0,0.0,0.0,0.0,0.0,1320.0,0.0,0.0
consecutive/f7fe904399be7053eb7568900d037c06a70550a9ae0b2a7c8ca832095849895d,1.0,96342.75,0.0,0.0,0.0,2.0,1.0,0.0,0.0,0.0,1090.5,750.75
consecutive/f93f53073a0e97160555967583d386d298aafcdaef498085a197eff0757f8f2b,1.0,97391.25,0.0,0.0,1.0,0.0,0.0,0.0,0.0,1302.75,0.0,0.0
consecutive/f9dc57bf9bc7307ed30a90f77e92f85b4b5b2c5658f55efb525ec1153ddffa43,1.0,104047.50826895237,0.0,0.0,0.0,1.0,0.0,0.0,0.0,0.0,894.7500711083412,0.0
consecutive/f9e5067abc047ce1ae8b83db64441e66108c638fe18599fdef55503b1053c5ec,1.0,42742.5,0.0,0.0,0.0,0.0,1.0,0.0,0.0,0.0,0.0,1080.75
consecutive/fa9f04d3edea83094c78ad15d694ad158f5401ac848293f02f34a2f2025f57b5,1.0,60511.5,0.0,0.0,0.0,0.0,2.0,0.0,0.0,0.0,0.0,2732.25
consecutive/fbcfc82580e11a7e44c1b8093278ef6a77f344e82761c4c29f2c24668f261fe9,1.0,69908.25,0.0,0.0,0.0,2.0,0.0,0.0,0.0,0.0,750.75,0.0
consecutive/fc3605b399a87c3fa47e81eb864773bd92cd10d0f51c28ed325bdf0e63f6e0db,1.0,68367.75,0.0,0.0,1.0,0.0,0.0,0.0,0.0,388.5,0.0,0.0
consecutive/fc8178a20ee4ec1cc86dee59536d6afd63d96b382f2f56340d02f4d00422fd02,1.0,61011.0,0.0,0.0,0.0,1.0,0.0,0.0,0.0,0.0,674.25,0.0
consecutive/fca67188e33ba747f40da98757ff6a972f78df46d63a6b3be69148ad5b5e8fb3,2.0,384271.5,0.0,0.0,0.0,2.0,0.0,0.0,0.0,0.0,2178.0,0.0
consecutive/fd9b87c19b4179d1b6d756bf8ba4f408d7cb5cf387fa79721ea8db2b45b09a4c,1.0,33790.239986777306,0.0,0.0,0.0,0.0,1.0,0.0,0.0,0.0,0.0,3972.8941839933395
consecutive/fe1115370387b4ee52691811684fbcabc896aa3b00d1c59c8c3180fb437680a4,1.0,63655.5,0.0,0.0,1.0,0.0,0.0,0.0,0.0,718.5,0.0,0.0
consecutive/fedcb520388bf3aa2021c48c39c8cd4d40d1e88f7f7e2743f332997d68ff583e,2.0,246532.5,0.0,0.0,2.0,1.0,0.0,0.0,0.0,1418.25,168.75,0.0
surgery_cases/000a76bd26d91abb534b2d918abb31c19325a99db11cec0f859c275dd6421c71,1.0,49869.75,0.0,0.0,1.0,0.0,1.0,0.0,0.0,472.5,0.0,1903.5
surgery_cases/007b10151daf486029d0f3d8cc4c80d6a35e169b67732ac02fe6fd7704d38441,1.0,82119.75,0.0,0.0,1.0,0.0,1.0,0.0,0.0,1748.25,0.0,2682.75
surgery_cases/00dd770b1c8cbb7f6379d1ab9584dd979be51e39589f1814596dbe6e3803932e,1.0,41387.25,0.0,0.0,0.0,1.0,0.0,0.0,0.0,0.0,903.0,0.0
surgery_cases/01614c9f0f92577885b3e46d913ca0c0e717ab0e6bef72156087e73a55b3c4a8,1.0,43521.75,0.0,0.0,0.0,1.0,1.0,0.0,0.0,0.0,420.75,1110.0
surgery_cases/01a2079451d37ce41db5980b648e8d7b78b3f6af3694aa9916c6f2b0184cf8fd,1.0,102732.75,0.0,0.0,1.0,1.0,0.0,0.0,0.0,636.75,628.5,0.0
surgery_cases/01a66d1d4fe9718d5d3157b563b30cce0b0e4373ef13727c4ab60847cbd8e8e5,1.0,55431.0,0.0,0.0,0.0,1.0,1.0,0.0,0.0,0.0,215.25,3175.5
surgery_cases/02cf0f1afb5ba1be15be5c7a200994272dbae52c87bd5ea249742e76733290fc,1.0,41159.25,0.0,0.0,0.0,1.0,2.0,0.0,0.0,0.0,2301.75,2715.0
surgery_cases/030e2e6c3f6c8853f47ef98c656cb9e36e185b95258bc83593136c2afac413d4,1.0,46282.5,0.0,0.0,0.0,1.0,1.0,0.0,0.0,0.0,432.75,539.25
surgery_cases/04290b0a5b4919446f4e5f6546b77fbdd8a4be53abea17d811b8dfdc3bbc88d1,1.0,34851.0,0.0,0.0,0.0,0.0,1.0,0.0,0.0,0.0,0.0,1359.0
surgery_cases/04330dc9d1c0347888fd5fd3901a013d2f5300cadfd28d0b841e8dab377714c5,1.0,48191.25,0.0,0.0,0.0,0.0,1.0,0.0,0.0,0.0,0.0,7087.5
surgery_cases/0484519f6c9f060da774448ce34567c650c354719509036da31310b423a6c801,1.0,102250.5,0.0,0.0,1.0,0.0,0.0,0.0,0.0,278.25,0.0,0.0
surgery_cases/056d1f7c59ebd20bbf0a06a4a445dcf9a35c1219030e8e2197512d2e6a138e37,1.0,54615.0,0.0,0.0,1.0,2.0,0.0,0.0,0.0,552.75,1565.25,0.0
surgery_cases/05b1b261e4b3d72ca0d8e3ce977b89d1ab4405f583a7909b9d6200102608e04f,1.0,37231.5,0.0,0.0,0.0,1.0,1.0,0.0,0.0,0.0,39.0,3118.5
surgery_cases/0631c942b0c26e09359ea0a630d3d2a6d7d5b98fc1b304bd62f769b5aa91c13d,1.0,54146.25,0.0,0.0,0.0,1.0,0.0,0.0,0.0,0.0,342.0,0.0
surgery_cases/06338a10953ecb787144778be17ab747e329bd14863a9fe5e95b40623b168cf6,1.0,47022.75,0.0,0.0,0.0,0.0,1.0,0.0,0.0,0.0,0.0,2096.25
surgery_cases/068e273855a8b8208d34a86c422155a5084f9c1a93f1999793792ec63a28aa62,1.0,67206.0,0.0,0.0,0.0,1.0,0.0,0.0,0.0,0.0,1065.0,0.0
surgery_cases/06ce0a60a526c4b69149497e32fa1697af048505ec5285284c25c08005ad28dd,1.0,29201.25,0.0,0.0,0.0,1.0,1.0,0.0,0.0,0.0,642.75,4758.0
surgery_cases/06fadda9d2e76e94784ae56e7a2125c67ec719a1ab449004710ce082e99bea53,1.0,28390.5,0.0,0.0,0.0,1.0,0.0,0.0,0.0,0.0,1507.5,0.0
surgery_cases/076ef12412f4f3143d55b59eeaee9054eae24d1e8e5c105e0b3a8f2df75690a2,1.0,82193.25653213263,0.0,0.0,2.0,1.0,0.0,0.0,0.0,1031.2500819563866,181.50001442432404,0.0
surgery_cases/078fd300d661595eb19656a57d77144051d510d0879cfa0e75d20d76fdb629fc,1.0,57886.5,0.0,0.0,0.0,1.0,1.0,0.0,0.0,0.0,630.75,813.75
surgery_cases/07fe5a5c0424d3c8adfe545919a650018f6fb90b04643b1a739d1e190d76956d,1.0,68734.5,0.0,0.0,1.0,0.0,0.0,0.0,0.0,209.25,0.0,0.0
surgery_cases/082375c42b1230c892aa49884ed6862f503052f3ae25951a50b7079d47bfef1b,1.0,46173.0,0.0,0.0,1.0,2.0,0.0,0.0,0.0,727.5,840.0,0.0
surgery_cases/0841fb25255db7731219bcb3856ee7bcda0594a3f12146c23ff18c42561274d0,1.0,38937.0,0.0,0.0,0.0,0.0,1.0,0.0,0.0,0.0,0.0,2532.75
surgery_cases/085963c0626c14d261531e6d42cf2daefaca1493a0225d103fcd55f5595ad88f,1.0,57864.0,0.0,0.0,0.0,2.0,1.0,0.0,0.0,0.0,928.5,2439.75
surgery_cases/0a64c4650bfa96a650310578b40e7ec53c871d69de57c399ce2d1b3eda894c5c,1.0,59088.0,0.0,0.0,3.0,0.0,0.0,0.0,0.0,1740.75,0.0,0.0
surgery_cases/0aa721a543f03851fdd213458652c4f837f085b29748b5b49a1519af03dce9b9,1.0,30521.25,0.0,0.0,0.0,0.0,2.0,0.0,0.0,0.0,0.0,7777.5
surgery_cases/0ace1e33f591f38a36a4aee2cf2176ecebc19d8083c043a3c1010c6f5497e2dc,1.0,83024.25,0.0,0.0,0.0,1.0,1.0,0.0,0.0,0.0,241.5,1197.0
surgery_cases/0b438462b43f73d997212efccaf8200ad3a75a0a9da9bc882d27257bccfe3eb7,1.0,41844.75,0.0,0.0,0.0,1.0,0.0,0.0,0.0,0.0,779.25,0.0
surgery_cases/0b75ecdfa5d17baac426e4937d374b4b25f7f0b68f56decf704cc518ddfba1a2,1.0,121722.0,0.0,0.0,0.0,1.0,0.0,0.0,0.0,0.0,1569.75,0.0
surgery_cases/0bd236e11bfa927064a802f354a9e27d105151c355b67f21cedcfc053fe07e60,1.0,53307.75,0.0,0.0,1.0,1.0,0.0,0.0,0.0,618.0,2656.5,0.0
surgery_cases/0bea3a136120be8d07ab81f1f91e2f6c2b3e88f57dd4d25f365321354d2dfdac,1.0,51945.75,0.0,0.0,1.0,1.0,0.0,0.0,0.0,357.0,632.25,0.0
surgery_cases/0c0dddd781571ed92eb524c8e011318a6dd8d3882106faa5004cebf8bd6f4a3b,1.0,36060.747134149075,0.0,0.0,0.0,0.0,2.0,0.0,0.0,0.0,0.0,3165.7497484087944
surgery_cases/0c8788e4ab7b363d4a1812720a8870e5f688cdffb4cc5de5fb83c1bb271a9908,1.0,37024.5,0.0,0.0,2.0,1.0,0.0,0.0,0.0,611.25,2423.25,0.0
surgery_cases/0cf79477d5ea663a5ea2118757f23849f695afa68654c068563ac7af350c1825,1.0,70134.0,0.0,0.0,2.0,0.0,0.0,0.0,0.0,961.5,0.0,0.0
surgery_cases/0d0e8180a55b7c0ea7ee8a458ecd08a4e4b768b4722c0ef7e109a1f9f68ba631,1.0,49026.0,0.0,0.0,0.0,1.0,0.0,0.0,0.0,0.0,1070.25,0.0
surgery_cases/0d264a5c7acb3c5e8e67385d2f22d24595c8e97eae0487f3ea3986dd542c0a4b,1.0,35757.75,0.0,0.0,1.0,0.0,1.0,0.0,0.0,3066.0,0.0,825.75
surgery_cases/0d36a567566415a3eb5de17d690898f2038ada3bc9abf3ed551c96b19c3ae085,1.0,51959.25,0.0,0.0,1.0,0.0,0.0,0.0,0.0,624.75,0.0,0.0
surgery_cases/0da85341b42ae965de4f8927d5abb1a78f2127d6faf2b32cf5b717e63371057d,1.0,39464.25,0.0,0.0,0.0,2.0,0.0,0.0,0.0,0.0,558.75,0.0
surgery_cases/0e53a39843cdb5ec267706f74e9bd8c50e7fbb66489e13a43c13659fd2e12478,1.0,69559.5,0.0,0.0,1.0,0.0,2.0,0.0,0.0,38.25,0.0,5969.25
surgery_cases/0efba6fe4f64dec3ca118ad2a50717f28ae5a66f187c5238178448c1ac3cbcc3,1.0,48027.0,0.0,0.0,0.0,1.0,0.0,0.0,0.0,0.0,265.5,0.0
surgery_cases/0f2b47bcfbbbb44eb07cfde5a54f2d7995ac45c6d8babb994e863b3f0b62c23a,1.0,23670.75,0.0,0.0,0.0,0.0,1.0,0.0,0.0,0.0,0.0,2466.75
surgery_cases/1002193a542f02d5cb6bcb99ef34028a69056c5031483ee8d7c3634dd5caf794,1.0,13365.751062214375,0.0,0.0,0.0,0.0,1.0,0.0,0.0,0.0,0.0,28803.752289116383
surgery_cases/10b5b757a14ad3cad06d2cc957e12d7e3a6d6fdc34c5a52c6fcd21c67d9a370b,1.0,37872.75,0.0,0.0,3.0,1.0,0.0,0.0,0.0,654.0,105.75,0.0
surgery_cases/1138f5c9f72238027b1f023fd600701e503b8ddb39b7a27281925d57a650deac,1.0,54896.25,0.0,0.0,0.0,1.0,0.0,0.0,0.0,0.0,1021.5,0.0
surgery_cases/1183ebead8b33af59a27bec2cb5f89924cd0ab705c7091bb315b2f67cce91530,1.0,61990.5,0.0,0.0,0.0,1.0,0.0,0.0,0.0,0.0,384.75,0.0
surgery_cases/122592a4879ebce72f025240cdc41002f77970a839815e03d75ebb49e1ef5035,1.0,46294.5,0.0,0.0,1.0,2.0,0.0,0.0,0.0,642.75,1486.5,0.0
surgery_cases/12476fb2050ae68be7ee195f37e2a7f6996844aa991fd8a68e4f2f551df70671,1.0,88859.25,0.0,0.0,0.0,1.0,1.0,0.0,0.0,0.0,4573.5,2585.25
surgery_cases/135673d73dead5cf8396e3588b82b73a7d1cabffdb2fe95c04512d2c11683445,1.0,80895.60321450233,0.0,0.0,0.0,0.0,1.0,0.0,0.0,0.0,0.0,5179.500205814838
surgery_cases/136b0a0fbf2e6b50bc98e2ac05480409168079242a75740b16fac549f0e17f71,1.0,58418.25,0.0,0.0,1.0,1.0,0.0,0.0,0.0,354.0,843.0,0.0
surgery_cases/141cb8a9a3f0c253f3ba828bfb25c178c08c631cf1ac1af5ad8c87009368a53a,1.0,86034.0,0.0,0.0,0.0,0.0,1.0,0.0,0.0,0.0,0.0,8368.5
surgery_cases/14610ce1fc1f94929583e617139cac3cadff33da66e3d003eb7a195b56f687ea,1.0,56454.0,0.0,0.0,0.0,1.0,1.0,0.0,0.0,0.0,802.5,1206.75
surgery_cases/14ed6794f15bbfc1219cb1a9d91f5cc57139699046967c0ff4bb4810b7465905,1.0,50866.5,0.0,0.0,0.0,0.0,2.0,0.0,0.0,0.0,0.0,2592.75
surgery_cases/1543e76af7241093d4203148bc5fc2679b50df6bdffd5f317dd9c859178d1e1e,2.0,72181.5,0.0,0.0,1.0,1.0,0.0,0.0,0.0,587.25,606.75,0.0
surgery_cases/1599cd8f573de9e8ea29afb17771b6a2604be36fd9c12b4e3aba6bf45b266d3a,1.0,40889.25,0.0,0.0,0.0,2.0,0.0,0.0,0.0,0.0,1126.5,0.0
surgery_cases/15b89604ca20b98cbfb04d262ce4adca78edea5ae6616826904c1232fae04bf9,1.0,27969.75,0.0,0.0,0.0,0.0,1.0,0.0,0.0,0.0,0.0,17469.0
surgery_cases/15ba1e8ee554fdcfd014c78bf7fb02b532e27000d42e47924f68c576ffdd510d,1.0,41545.5,0.0,0.0,0.0,0.0,1.0,0.0,0.0,0.0,0.0,4491.75
surgery_cases/16289fff3a31049c87eaf22ff603c8f983940187060917b56b88b760a28f5b2f,1.0,26310.0,0.0,0.0,1.0,0.0,1.0,0.0,0.0,227.25,0.0,3135.75
surgery_cases/1665b65645aef3e6eef962dd3be2185b802757841e42634b2bc9a3e3377ffe4a,1.0,58188.0,0.0,0.0,1.0,1.0,0.0,0.0,0.0,248.25,921.75,0.0
surgery_cases/1684bf8d4cd30e408505c78483f1bad03bcc30b48effb5bf7147f5f95e8393e5,1.0,47369.25,0.0,0.0,1.0,0.0,1.0,0.0,0.0,191.25,0.0,2800.5
surgery_cases/16cfd77e2cafc2e0ea8df7848d157741ccacd83a3b6ba0ea32074c226617a0cc,1.0,54182.25,0.0,0.0,0.0,0.0,2.0,0.0,0.0,0.0,0.0,2511.0
surgery_cases/170da75d466c02d486d3f03267fc14d52394c5cf90bd480263fe4367b56c2fc5,1.0,36247.809224009514,0.0,0.0,0.0,2.0,1.0,0.0,0.0,0.0,541.7330133318901,1324.236254811287
surgery_cases/172c40de73707b93eb9e64baf5f32872a5b4cbdbdccbf17cc6427c910151d875,1.0,36285.0,0.0,0.0,0.0,2.0,2.0,0.0,0.0,0.0,1558.5,1924.5
surgery_cases/183a45a84067d44698608f901012485fbaa4f18c5f479d7cbb42f132fc25e836,1.0,60323.25,0.0,0.0,0.0,1.0,0.0,0.0,0.0,0.0,906.0,0.0
surgery_cases/188bd046e72e11e4a3b3a917906d6d0e663bebcf2444e0e86eaba2175725e067,1.0,32196.0,0.0,0.0,0.0,0.0,2.0,0.0,0.0,0.0,0.0,3106.5
surgery_cases/1965587f7048f042ee22644537f1bf9dbbd6d2ca04a6bf326aabeca3d79e30c3,1.0,36851.25,0.0,0.0,0.0,2.0,1.0,0.0,0.0,0.0,1102.5,1781.25
surgery_cases/198235f3e4a2959cc7c28885bf918ff80c00028029fe3aac377d799fecd33b4b,1.0,46403.25,0.0,0.0,0.0,1.0,0.0,0.0,0.0,0.0,929.25,0.0
surgery_cases/1990b4cacbb936fe2bfde0ead0372557f1cf5a86d25713c7b06f78b7a104a880,1.0,34738.5,0.0,0.0,0.0,0.0,1.0,0.0,0.0,0.0,0.0,9149.25
surgery_cases/1a0e40226d55cadfd516a7009d5c2a6756f1a9578ea712551a62f7d79e00da97,1.0,45904.5,0.0,0.0,2.0,1.0,1.0,0.0,0.0,2198.25,604.5,4158.75
surgery_cases/1a32c28c274a8d20db291df55bba8ee1368af809d1b82b70566fa8b393dacbce,1.0,44838.0,0.0,0.0,0.0,0.0,1.0,0.0,0.0,0.0,0.0,1623.75
surgery_cases/1a4d1bf784198718e031cd38c1beacb1a149353889816163db40bd096e7e55fc,1.0,54258.75,0.0,0.0,2.0,2.0,0.0,0.0,0.0,1469.25,1733.25,0.0
surgery_cases/1b1a377840baa01d57741cf8b99f75a33bd3d33c7bd5609e52c75eb70f94896c,1.0,56006.25,0.0,0.0,1.0,2.0,0.0,0.0,0.0,999.0,1891.5,0.0
surgery_cases/1b7d5266d41c21ad382200eec97daa8d3018f04e55c20cec629e2c151fd6fc4a,1.0,51703.504109025,0.0,0.0,0.0,1.0,0.0,0.0,0.0,0.0,804.7500639557838,0.0
surgery_cases/1b7d82804e9e7403fee6cdc0653f519ce82925a26ae5bc00b4e5aea03110682b,1.0,40388.25,0.0,0.0,0.0,1.0,0.0,0.0,0.0,0.0,2461.5,0.0
surgery_cases/1b9e28e7009ad29112ffb9d84181ba43be79f16cb77517e3de182c67323bf5d5,1.0,114820.5,0.0,0.0,1.0,1.0,0.0,0.0,0.0,262.5,766.5,0.0
surgery_cases/1badc4a2f045ec1d31bc4f248bdcf6c278986070f7fc2b2469b2807ea9ccca8d,2.0,175439.99291425943,0.0,0.0,2.0,0.0,2.0,0.0,0.0,2145.749935090542,0.0,3107.99989849329
surgery_cases/1c5988da71a38b7ddc6d692d0b539357df7985aaf315597760424b709203d6d4,1.0,87734.25,0.0,0.0,0.0,0.0,1.0,0.0,0.0,0.0,0.0,741.75
surgery_cases/1c912c01853acdfe5288ca85913d0dd1dcc28c3baf01db9540dd1d9afaa29f2c,1.0,38025.75,0.0,0.0,0.0,3.0,0.0,0.0,0.0,0.0,2402.25,0.0
surgery_cases/1d37655e8e78d488e612dd5a6a14530651474a23372c55692243ac5e617be548,1.0,41250.0,0.0,0.0,2.0,1.0,0.0,0.0,0.0,716.25,1040.25,0.0
surgery_cases/1e72d50cbaa14c4d7acbc15ec6ffa8543dacd91ff5d7b7420de9ad4480614c06,1.0,27348.75,0.0,0.0,0.0,3.0,0.0,0.0,0.0,0.0,1320.0,0.0
surgery_cases/1eb0e9ee311a3e5b0dad5d2f89ac5092081d1469302eaa5c64765d023ee8fca0,1.0,42282.0,0.0,0.0,1.0,1.0,1.0,0.0,0.0,270.75,360.75,1836.75
surgery_cases/1ec2b271821f414fbed78fedb8ac3327c2fbc324fdbc3c0455f142c7808e6f65,1.0,59754.0,0.0,0.0,1.0,1.0,0.0,0.0,0.0,77.25,814.5,0.0
surgery_cases/1fb3be2ffc52aac360b1afddbc27e54bef4f6453b7f6780f96bdef7e3953b724,1.0,51294.75,0.0,0.0,1.0,0.0,1.0,0.0,0.0,563.25,0.0,3936.75
surgery_cases/1fd25e3a673c0d3da274874bfe172a285d1dea242f518c7b6a6c793b1e0357c3,1.0,54713.25,0.0,0.0,0.0,0.0,1.0,0.0,0.0,0.0,0.0,6510.75
surgery_cases/203058ba7e739f4e60d4ab3ca16133650a6fcb2eacc55c9ab1459c1cdb5d017e,2.0,104757.0,0.0,0.0,0.0,2.0,0.0,0.0,0.0,0.0,1186.5,0.0
surgery_cases/2108817f9ba4bc3d70d29f8fa82062a47af656fa87e8bf7be5a198e383604dc9,1.0,52858.5,0.0,0.0,0.0,2.0,2.0,0.0,0.0,0.0,2181.75,7270.5
surgery_cases/2125d0538581284f6de814095b0c1a79e25ef8a64bebecd8aa5d59d03b412721,1.0,60339.0,0.0,0.0,0.0,1.0,1.0,0.0,0.0,0.0,530.25,1577.25
surgery_cases/227474766e87eeef35c4dc3b114b71fab10729ce98fd60155df2b4bc82c1c5dd,1.0,35704.5,0.0,0.0,1.0,0.0,0.0,0.0,0.0,2062.5,0.0,0.0
surgery_cases/22ba741deb6cb517c61ce14faf1affeab279461d21620573333930e95a90fa9e,1.0,50551.5,0.0,0.0,0.0,3.0,0.0,0.0,0.0,0.0,2106.0,0.0
surgery_cases/2327bf7dafd79444c45e6693426e5c4cce8646d8a2d552c5475569f9d7abbc30,1.0,58497.75,0.0,0.0,0.0,2.0,0.0,0.0,0.0,0.0,1169.25,0.0
surgery_cases/236c3bd3ade166f44d19ec567871c775a2cea71969301b63cd6ab398334cff77,1.0,86179.5,0.0,0.0,0.0,0.0,1.0,0.0,0.0,0.0,0.0,1921.5
surgery_cases/237114f3fe6befc35fd94fc35fca29dc28f199c03bcb0d6701520e3062559eb4,1.0,39272.25,0.0,0.0,0.0,0.0,1.0,0.0,0.0,0.0,0.0,5950.5
surgery_cases/23914a0b1f840ee10133596f3059539358ec2a27dda25551c6f00a65d33cd199,1.0,45904.5,0.0,0.0,1.0,2.0,0.0,0.0,0.0,723.75,342.75,0.0
surgery_cases/2391893e9f0e46858eee625dd787d6feefaef1e13b6132aab8e0ab3c0c771a3f,1.0,33711.75,0.0,0.0,0.0,1.0,1.0,0.0,0.0,0.0,191.25,2293.5
surgery_cases/254660ad8a4ec4be47df11be7e5912755d4615cf20042f27c1f48de9a549338d,1.0,59839.72413533926,0.0,0.0,1.0,0.0,0.0,0.0,0.0,541.1999921798706,0.0,0.0
surgery_cases/268b849b7c4e1b39f0c51e3d256e1626117fde076b652d75188a43df4a704211,1.0,38491.5,0.0,0.0,0.0,0.0,1.0,0.0,0.0,0.0,0.0,3179.25
surgery_cases/26a4430eb2e5567c577d148952ab2bb31013a7015acd6cb3ba622dcb92bcbf9c,1.0,93527.25,0.0,0.0,1.0,1.0,0.0,0.0,0.0,147.75,771.0,0.0
surgery_cases/26fd25eb8c4e1857ad36b0d168407a7609c5f68461789062cc5d1c2bb5db8eab,1.0,47196.75,0.0,0.0,0.0,0.0,1.0,0.0,0.0,0.0,0.0,10739.25
surgery_cases/27a7a7abdb59bfec701655d1365ffacd10992e8e70bdf3ff933da4f94304a307,2.0,194709.75,0.0,0.0,0.0,1.0,2.0,0.0,0.0,0.0,273.0,11670.75
surgery_cases/27fe2187584bfb47749ab3f898674b7d5374cb128f7f29dacf1e6c6ad40dfd70,1.0,101901.75,0.0,0.0,0.0,0.0,1.0,0.0,0.0,0.0,0.0,3209.25
surgery_cases/281aa306c2b2e98bc957810a9239597a7b031e1c7b6721c92da41f753a1a4a3e,1.0,29917.49762237072,0.0,0.0,0.0,1.0,0.0,0.0,0.0,0.0,680.2499459385872,0.0
surgery_cases/28270a43548b34eb1e7dc4b8507972451991e5c65afcf14ac350b50ce9f01925,1.0,28904.25,0.0,0.0,0.0,0.0,1.0,0.0,0.0,0.0,0.0,1715.25
surgery_cases/28f35df9cb03aafb264ae4ff31478bd3826bc31066ca69d1504df44fb3db9013,1.0,59358.75471740961,0.0,0.0,0.0,1.0,1.0,0.0,0.0,0.0,377.2500299811363,3558.000282764435
surgery_cases/29003c114f242f463a0295fe5df28d66ff3afd7fed3e9eaf892568d4e3e98d9c,1.0,38567.25,0.0,0.0,0.0,0.0,1.0,0.0,0.0,0.0,0.0,9202.5
surgery_cases/291e6fa18577c74301d8b4cedfdb522cab93edfe230d49433d797f626b1aa697,1.0,59674.5,0.0,0.0,2.0,0.0,0.0,0.0,0.0,1368.0,0.0,0.0
surgery_cases/2920a0213aeb6f81989783251fe24fd45a19ef8f96450dfc163946b6f47ff870,1.0,32301.75,0.0,0.0,2.0,1.0,1.0,0.0,0.0,513.75,354.75,3230.25
surgery_cases/2948866f7bf25a36364a250a0ba30d394d94e380fe1528a3abbfea594c446b15,1.0,156273.0124194622,0.0,0.0,1.0,0.0,0.0,0.0,0.0,436.50003468990326,0.0,0.0
surgery_cases/29693e91dfee5731f2d31cdf1494aa1f580039ff1336b7e9d30b5c3220c42879,1.0,52335.0,0.0,0.0,0.0,0.0,1.0,0.0,0.0,0.0,0.0,16685.25
surgery_cases/299371378255b01111aa314ed9300a2ec87546998bf984dee940ebabe6c3b7f7,1.0,62385.00495791435,0.0,0.0,2.0,0.0,0.0,0.0,0.0,1027.5000816583633,0.0,0.0
surgery_cases/2999b0a08cf9fe8b3773181a247c96adc8776845de692c5cf82346e91a7a2b62,1.0,49122.75,0.0,0.0,0.0,1.0,2.0,0.0,0.0,0.0,369.75,2921.25
surgery_cases/29ba1b89ebcd4c54d47ca0605cd18e82698c7dcc5f98d100ee7e08a4442b3d72,1.0,31646.25,0.0,0.0,0.0,0.0,1.0,0.0,0.0,0.0,0.0,1689.0
surgery_cases/29cbca998f328f1e15ed8d5588721c1495f2098cbe199afea4956d4b1776d1a4,1.0,100143.75,0.0,0.0,0.0,2.0,0.0,0.0,0.0,0.0,606.75,0.0
surgery_cases/2b36fb12aa24354600fb4c646d698344a7ff213a7cdcd750b434760a1f969872,1.0,77879.24381071329,0.0,0.0,1.0,0.0,1.0,0.0,0.0,3755.2497015595436,0.0,1992.7498416304588
surgery_cases/2bfe04d7de79c9d6747cfc58566da0ae9ad95b921288580649736f5d4a2e58f9,1.0,68168.25,0.0,0.0,2.0,1.0,0.0,0.0,0.0,866.25,288.75,0.0
surgery_cases/2c203e552224930010cfc6daf10870addebe363bbb5efddbc868a01efc9220bf,1.0,63202.5,0.0,0.0,1.0,0.0,0.0,0.0,0.0,1544.25,0.0,0.0
surgery_cases/2c52ccf8acc2af40d1410656c2451a48c2c8ccd7de9b66ab7aec081f5e407204,1.0,108799.5,0.0,0.0,0.0,1.0,0.0,0.0,0.0,0.0,888.75,0.0
surgery_cases/2c97a5feec1f2abc296ff29820575353e6171d2311ca72009d2f436406826bc8,1.0,30246.75,0.0,0.0,0.0,0.0,1.0,0.0,0.0,0.0,0.0,4607.25
surgery_cases/2db8664df08caac45b32969ae62815da588f4995fc69105e80dcf392519b5838,1.0,35730.0,0.0,0.0,0.0,1.0,1.0,0.0,0.0,0.0,714.0,2066.25
surgery_cases/2dbff4196c1c7b48074d68c63b02ed12e505f82147f9498b720bb16a2c232a7c,1.0,70294.5,0.0,0.0,0.0,2.0,1.0,0.0,0.0,0.0,2214.75,8628.0
surgery_cases/2dc9bc9d9342d84bf108f26ca82adadd47099c4d3ead2501bdc941ff38710a3c,1.0,48367.5,0.0,0.0,2.0,0.0,0.0,0.0,0.0,1616.25,0.0,0.0
surgery_cases/2de0e45947f23f8ba79b7a66cf2892d022c79e16f96f027863ca2e6f1ef06b92,1.0,85097.25,0.0,0.0,1.0,2.0,0.0,0.0,0.0,411.0,740.25,0.0
surgery_cases/2e0a47193290d30f8bd9e928e6f1ea371572ffcd69f3b49dc4ffea47a19230f6,1.0,46128.0,0.0,0.0,0.0,0.0,2.0,0.0,0.0,0.0,0.0,6841.5
surgery_cases/2e2cccea822574481c6d4fe423f901b09ff5b60b038aad09d6d174503cc7f6f1,1.0,66659.25,0.0,0.0,1.0,1.0,2.0,0.0,0.0,323.25,667.5,4873.5
surgery_cases/2e4767306e4552c7861817c4b9b162561881474a732512bf687de68f6e2eee5b,1.0,43943.25,0.0,0.0,1.0,1.0,1.0,0.0,0.0,690.75,465.0,1625.25
surgery_cases/2ff1e9ab198296b311fad3a7e6e12f22422b7eda9629be89b3fd970a18149b79,1.0,73899.75,0.0,0.0,0.0,0.0,2.0,0.0,0.0,0.0,0.0,7634.25
surgery_cases/302e7bf1108c498ae5e7c44289cad7162e0fbb36c56174fa863bb1dcbe8dba2b,1.0,50753.25,0.0,0.0,1.0,0.0,1.0,0.0,0.0,803.25,0.0,3431.25
surgery_cases/3088b685864edcd5b6af76c53d48c7c2a907ee8a8a496d6528f32a8b7cac0b63,1.0,40227.0,0.0,0.0,0.0,0.0,1.0,0.0,0.0,0.0,0.0,1032.75
surgery_cases/308b45354ba64c87be5a88d0fca9b3d37d3ce614b401c902c6474ab42498643d,1.0,32283.75,0.0,0.0,0.0,0.0,1.0,0.0,0.0,0.0,0.0,854.25
surgery_cases/30a0b1009eeb8811f18b16d8aa4198ef0b391ec5595d291d8a95d1d32a547bbe,1.0,45193.5,0.0,0.0,1.0,0.0,1.0,0.0,0.0,1767.75,0.0,2493.0
surgery_cases/30cb761fed5252205a459d8cc472494d5acbd87f789f66917ef7dcdd4f078e94,1.0,34079.25,0.0,0.0,0.0,1.0,0.0,0.0,0.0,0.0,1254.0,0.0
surgery_cases/30d606f0b425cc5d0baf2c4dd04af42a7ae3055d060ba3bab7a4e84785cb54ae,1.0,24321.75,0.0,0.0,1.0,0.0,0.0,0.0,0.0,1075.5,0.0,0.0
surgery_cases/30f329d8f2c1da372699abee8791975b62dd03588c3a37723fe68311c238eb37,1.0,45129.75,0.0,0.0,1.0,0.0,1.0,0.0,0.0,756.75,0.0,1209.75
surgery_cases/30f7ee0460cc5730daacb993b2b7eb75a378313eeb7aa3ee027eb4882f2bdfe5,1.0,82145.99347162247,0.0,0.0,0.0,0.0,2.0,0.0,0.0,0.0,0.0,6357.749494731426
surgery_cases/31486380f05c410dcd4f450cf349c540a9c3b8536f2bbf30bdf6e03d0f329e9f,1.0,76582.5,0.0,0.0,0.0,0.0,1.0,0.0,0.0,0.0,0.0,3113.25
surgery_cases/31b00040fec6dd4887693b50fd23f547b60bfe884f41f1b9a6501385ddacfe04,1.0,58161.75,0.0,0.0,1.0,0.0,0.0,0.0,0.0,2331.75,0.0,0.0
surgery_cases/31ba7731ab9275c5b9cb98b44d1ee1ac971fe5845ebddacf5d39e171e10de738,1.0,42356.25,0.0,0.0,0.0,1.0,1.0,0.0,0.0,0.0,60.75,2727.0
surgery_cases/31c68ecf098782a4e472eb5473df0b8de56bb959e7ec4a25ae5d5421a042bf5b,1.0,83524.5,0.0,0.0,1.0,3.0,0.0,0.0,0.0,446.25,1268.25,0.0
surgery_cases/31d1e563abf0a43dca6a14ad460d80a4e8a8474d59f777b1708ae66427c55fb3,1.0,65948.25,0.0,0.0,2.0,2.0,0.0,0.0,0.0,1557.75,1899.75,0.0
surgery_cases/31f30ba448dc8c01496bb1ef3154b135aea92a7363d739e40a300bc5a38ccaa1,1.0,16939.5,0.0,0.0,0.0,0.0,1.0,0.0,0.0,0.0,0.0,14866.5
surgery_cases/321fe1a951f18eb843c63fb2dbd1c0e12746c59f34e9f8e6adb37087e0de5191,1.0,36286.5,0.0,0.0,2.0,0.0,0.0,0.0,0.0,567.75,0.0,0.0
surgery_cases/32a697b09035744aa3bf0f2444ec99ff4b5ec0865770ee51c6c125d6638839a3,1.0,36334.5,0.0,0.0,2.0,2.0,0.0,0.0,0.0,1884.75,633.0,0.0
surgery_cases/32b06e96612b0d98aa363a59fea352e9f190b0e3e0d5b949dccd9ec8b09ccacb,1.0,74611.5,0.0,0.0,1.0,1.0,1.0,0.0,0.0,478.5,284.25,6622.5
surgery_cases/32b6ddbe84ba301120c016955ac206e1ea8c5f5cf97035e854262bcea581e1e3,1.0,78222.75,0.0,0.0,0.0,1.0,0.0,0.0,0.0,0.0,801.75,0.0
surgery_cases/32bceebe8bea93fbdf350c91d05a44ab540663241b564eab8b1129f399fbd1cb,1.0,48756.0,0.0,0.0,1.0,0.0,1.0,0.0,0.0,1001.25,0.0,2366.25
surgery_cases/33083b446a1e6956aac4db54bbafe6c7822870e625c2d2108039fc8124e1d260,1.0,25671.75,0.0,0.0,1.0,0.0,1.0,0.0,0.0,190.5,0.0,1712.25
surgery_cases/340bc3e887bfc9f4e7428cfd10a0e0711c6667a48cb21957b265e1752e8e86a2,1.0,74018.25,0.0,0.0,2.0,0.0,1.0,0.0,0.0,1899.75,0.0,853.5
surgery_cases/3444d6655cb000972bd8136103d5e8f3c2074756f7a19596a313c9db997d63c9,1.0,48021.75,0.0,0.0,0.0,0.0,2.0,0.0,0.0,0.0,0.0,6655.5
surgery_cases/34fabf010d07208dd0dd1f7421b1579e3fce2e6119235a2835f46552a5e75e22,1.0,33626.25,0.0,0.0,1.0,2.0,0.0,0.0,0.0,1069.5,117.75,0.0
surgery_cases/3534cc995f4b3e4f661a5c852aadcf4713b52bb78a67d83a6f0cbbc9fd2a1c4f,1.0,46441.5,0.0,0.0,0.0,2.0,1.0,0.0,0.0,0.0,1119.75,1671.75
surgery_cases/35ef5a3bdeef75236b5c6804436e2c123f7d4a9dbd799101cf807dc974e46068,1.0,98080.5,0.0,0.0,1.0,0.0,0.0,0.0,0.0,902.25,0.0,0.0
surgery_cases/360574951dfba37004184c9a5b8079467b89d9afd7d40fadeef772240538e8f8,1.0,53099.25,0.0,0.0,0.0,2.0,0.0,0.0,0.0,0.0,567.0,0.0
surgery_cases/367280cb02eddb67ec9f19f0994ffbe2b7c0266ce5ab16d9608d3630b86428a7,1.0,34144.5,0.0,0.0,1.0,1.0,1.0,0.0,0.0,297.0,1089.0,3408.75
surgery_cases/36976dd7e29761163afe6a3b00b90d279d44ae45e426e1c28cf95080737abb38,1.0,47250.0,0.0,0.0,0.0,0.0,1.0,0.0,0.0,0.0,0.0,1746.75
surgery_cases/36abc7e1909353645665949fd0374bd3721067be728b7cf4707c488835e29394,1.0,28203.0,0.0,0.0,2.0,0.0,0.0,0.0,0.0,745.5,0.0,0.0
surgery_cases/370e4162edb3cfd46a0663dba790d42d1aa250fd313ddee863ae23b438f551b5,1.0,34810.5,0.0,0.0,0.0,0.0,1.0,0.0,0.0,0.0,0.0,8186.25
surgery_cases/38960ac21b7d6f502d7555bf1cafcee42b829c9deb2b1ad55e1700d8f84e68c9,1.0,63691.5,0.0,0.0,1.0,1.0,0.0,0.0,0.0,585.75,1155.0,0.0
surgery_cases/39c0424a0b24762eb71c42d7cf1801a5e620b76dfb7bbc1cf833b4c19fa128db,1.0,35850.75,0.0,0.0,1.0,0.0,1.0,0.0,0.0,471.0,0.0,1347.0
surgery_cases/39ef65bc843a8405970a2b68f43290443324be10af98f46a8540ef28e344186a,1.0,43085.25,0.0,0.0,0.0,0.0,1.0,0.0,0.0,0.0,0.0,1505.25
surgery_cases/39f17b7243f12683b33ba339689e0e610b99f7d17d9b3b1efac6246128d7fddc,1.0,77842.50618636608,0.0,0.0,0.0,1.0,0.0,0.0,0.0,0.0,692.2500550150871,0.0
surgery_cases/3ab10751002c6de7de8d5ca57f4246cae69acbc84a9afba20f0f687549d68cf8,1.0,68798.25546759367,0.0,0.0,0.0,1.0,0.0,0.0,0.0,0.0,668.2500531077385,0.0
surgery_cases/3ad6915135ffbfb116f3833faf84598387fec558f0a0a3649eee2f38671f94f7,1.0,60555.0,0.0,0.0,1.0,1.0,0.0,0.0,0.0,792.0,168.0,0.0
surgery_cases/3bd7d29f5f95c0b60cc0c660d072119eff4dbcbf543cbdf6351f69a71325bdce,1.0,38364.0,0.0,0.0,1.0,2.0,0.0,0.0,0.0,817.5,1515.75,0.0
surgery_cases/3be6fa82a67922e6fc790f6862fd70dcb62f9322835f847e53809c6694f29961,1.0,60364.5,0.0,0.0,1.0,0.0,0.0,0.0,0.0,3349.5,0.0,0.0
surgery_cases/3c1452d9441a6097cb2c90bca18cfa271b9834adebbed0d3462430338c4b1622,1.0,27938.997779607773,0.0,0.0,0.0,1.0,0.0,0.0,0.0,0.0,1298.24989682436,0.0
surgery_cases/3cd307f5640ffef34ff82eb07725c41ff8727fd568cecba1e58f2cf6819626ab,1.0,92091.75,0.0,0.0,1.0,1.0,0.0,0.0,0.0,785.25,2094.75,0.0
surgery_cases/3cd515a8f829b04c4c157347e011f73aebec2dfd92604413a0bef8fd76e7b19b,1.0,52128.75,0.0,0.0,1.0,4.0,1.0,0.0,0.0,138.0,2712.0,1594.5
surgery_cases/3ce264926a801f5430a53c4336da95e2febf5eaa6b3d81e4f4434a285db852ce,1.0,59583.75,0.0,0.0,1.0,1.0,0.0,0.0,0.0,401.25,366.0,0.0
surgery_cases/3ce4576b9d0867c8d3808ea38b1158e8a60e5c6c9edaf302425c557baef76aea,1.0,63119.25,0.0,0.0,1.0,1.0,1.0,0.0,0.0,678.0,1157.25,1341.75
surgery_cases/3d0e16025483217b3a151a8fdc4af468a33758cd7efe1e3c70618256995d00f9,1.0,110672.25,0.0,0.0,2.0,0.0,0.0,0.0,0.0,1449.75,0.0,0.0
surgery_cases/3d233931cb7a45d8f2c3ac1c415a5cdaf4eea5f4672f6ab09a2f7fc5da8dc67b,1.0,40912.5,0.0,0.0,0.0,1.0,0.0,0.0,0.0,0.0,876.75,0.0
surgery_cases/3d5109b6af35a26cf67b1e555f38937dbbe24e15529df2c8c01bfa1ee4ac2f8c,1.0,67050.0,0.0,0.0,0.0,2.0,0.0,0.0,0.0,0.0,930.0,0.0
surgery_cases/3d5dd0d5100a1d2127b1821c9b48303089d299bbcb29f7b759de8148bd386f1a,1.0,39411.0,0.0,0.0,0.0,0.0,1.0,0.0,0.0,0.0,0.0,7258.5
surgery_cases/3d67eaf2258fca2b0efbb8c01ec3ec783d7f8d461024b724f1bb7333acd5dabb,1.0,46613.25,0.0,0.0,0.0,1.0,1.0,0.0,0.0,0.0,315.75,10245.75
surgery_cases/3dbdef44b1b610b371c18df535264e9df287ed56040cd1bdd4c8e2e92474c4c0,1.0,40940.25,0.0,0.0,2.0,1.0,0.0,0.0,0.0,1020.0,258.75,0.0
surgery_cases/3df8aa4eaac45826228a745890c6add0da8114967d09f821d49a71ef5f65db83,1.0,106881.0,0.0,0.0,1.0,1.0,2.0,0.0,0.0,157.5,107.25,3613.5
surgery_cases/3e20d2bca3e12a2ec7071022f9bc00b47d2aaf86fc2d0a7ab7b86ea147283dfd,1.0,38263.5,0.0,0.0,0.0,0.0,1.0,0.0,0.0,0.0,0.0,4875.0
surgery_cases/3e28ccdca19778922813f51157df8ac34ac9b4d31ea14dd0a245dfe1fd099dc0,1.0,34260.0,0.0,0.0,0.0,0.0,1.0,0.0,0.0,0.0,0.0,3258.0
surgery_cases/3e8d5fc989c7182a3322307f2d4d3fa537fc8bbfb18ff43b7a63dec907437914,1.0,46971.75,0.0,0.0,1.0,0.0,1.0,0.0,0.0,279.0,0.0,1796.25
surgery_cases/3ec348d009fc76a55429a92699d8bc0f827bfe4edb0ee95e9fe704654617a41b,1.0,159220.5,0.0,0.0,0.0,1.0,0.0,0.0,0.0,0.0,1112.25,0.0
surgery_cases/3f2a81569afae243048ac331ee18bbd000a2384631788cde8ecd42eed844c6f3,1.0,35099.25,0.0,0.0,1.0,0.0,1.0,0.0,0.0,50.25,0.0,3360.75
surgery_cases/3f4f6781d9c740fc678df27b2d9d21a4f1a70074966908845c4d30cf4f21f944,1.0,45923.25,0.0,0.0,0.0,2.0,0.0,0.0,0.0,0.0,528.75,0.0
surgery_cases/3f6f5c1d71071ad074695369b1b94daa8b51607d0f3be0439aa58b989ab11368,1.0,72059.25,0.0,0.0,0.0,2.0,0.0,0.0,0.0,0.0,1262.25,0.0
surgery_cases/3fe9c58e971b99f23627698b0162bbe0088041f0c4dc2f7bcaf03293decc6b36,1.0,54584.25,0.0,0.0,0.0,2.0,3.0,0.0,0.0,0.0,1261.5,3738.0
surgery_cases/406ebda2d1329fe1bb50ad8e4f88d8b9aa79fba8ef3c2527dd92f9922f58510a,2.0,101000.69835805893,0.0,0.0,1.0,2.0,0.0,0.0,0.0,962.0999745130539,4171.799961090088,0.0
surgery_cases/4144cf31c08ae0057b34ec40c275d142a0ba9be73915a54f1c194088c6317595,1.0,55902.75,0.0,0.0,1.0,1.0,0.0,0.0,0.0,380.25,894.0,0.0
surgery_cases/41b588662116ced143dae419dbd0ae78aa0ed9e1aee0f568fe0ea939581583aa,1.0,72611.25,0.0,0.0,0.0,1.0,2.0,0.0,0.0,0.0,966.75,6722.25
surgery_cases/41c532696c24b15fbc0c8403b3a3c94715004eaa298434af744b38ee5795e330,1.0,41286.75,0.0,0.0,0.0,0.0,1.0,0.0,0.0,0.0,0.0,3690.75
surgery_cases/41d6779abf0a99e0a3bca1fe90cb62a5ea4eb386be95ec5c904fe6f94590d1bb,1.0,86328.75,0.0,0.0,0.0,0.0,1.0,0.0,0.0,0.0,0.0,1268.25
surgery_cases/41ee6568a86fc9637e0bb402ca0ba840d8c2abcc226c8721c5bec1b0d148fef5,1.0,92904.75,0.0,0.0,1.0,0.0,0.0,0.0,0.0,650.25,0.0,0.0
surgery_cases/41efc14ce8f54d8598b593f62b83dfc6da99f5be2361d30744fffcce24ea6507,1.0,28179.899253487587,0.0,0.0,0.0,0.0,1.0,0.0,0.0,0.0,0.0,6057.899839520454
surgery_cases/42b4411d6f30d12e52e7c6573740866774d0b127465458119b42b8d1f14d59cd,1.0,47976.0,0.0,0.0,2.0,2.0,0.0,0.0,0.0,368.25,1013.25,0.0
surgery_cases/42e80e777cec0e1f4e959b23abf2c6259c4b426d9d00f469a81319e7dd155e8f,1.0,38246.25,0.0,0.0,0.0,0.0,1.0,0.0,0.0,0.0,0.0,822.0
surgery_cases/43232ebe20ede172fcb0280a2fe2ede60c2f863fd261af5401721b11dd1ec2b6,1.0,52106.25,0.0,0.0,1.0,2.0,0.0,0.0,0.0,1017.0,1076.25,0.0
surgery_cases/435078c858524f3bb8bc8742944560ec9b356ce04642c27aab0df3c1dbf50b85,1.0,60564.0,0.0,0.0,1.0,1.0,0.0,0.0,0.0,684.0,951.0,0.0
surgery_cases/44d7aa6c77ec1f7fc9c6bd9c7dcb292778763e6cab89bc1b496319b278dc24e4,1.0,40734.0,0.0,0.0,0.0,3.0,0.0,0.0,0.0,0.0,851.25,0.0
surgery_cases/4551a6534c31b0ba9885a5d5d09cd8c73d97a18438558d0c0a42ce6e6976a320,1.0,26229.0,0.0,0.0,1.0,1.0,0.0,0.0,0.0,391.5,666.75,0.0
surgery_cases/475683269adc760c13a3e0d9fba1c5215c95a3498de018166182bd28256a0434,1.0,10818.0,0.0,0.0,0.0,0.0,1.0,0.0,0.0,0.0,0.0,49441.5
surgery_cases/485fb8e1ec914c6197e180149162fbcfc082024204a113b608f78f92cc626ec4,1.0,50354.25,0.0,0.0,2.0,0.0,0.0,0.0,0.0,1392.75,0.0,0.0
surgery_cases/487b65f0ab5b6a95047ebd74ea932df4fc4c1d26f0e2c9f66cb1e66750054ff2,1.0,69666.75,0.0,0.0,0.0,1.0,0.0,0.0,0.0,0.0,299.25,0.0
surgery_cases/492e3b20847d9f2fe0cd683b53819c25e3b01f1fdd639ebd6bf32c047a1292f9,1.0,37926.0,0.0,0.0,1.0,1.0,1.0,0.0,0.0,229.5,396.75,381.75
surgery_cases/49638c7eb0a6b063dbc6cf0cc01fa0e0829e6305a957681f737cc4cb08cff150,1.0,37776.75,0.0,0.0,0.0,1.0,2.0,0.0,0.0,0.0,158.25,5682.0
surgery_cases/49e0bde5321ef2f80a77d02ae418c15c4c3ca60f528d74566c60f6f1b275a28c,1.0,43460.25,0.0,0.0,0.0,1.0,0.0,0.0,0.0,0.0,789.75,0.0
surgery_cases/49e8c7525cc69b6a8f716a704122de622091df65916062eaaa959181c5593aa2,1.0,45330.75,0.0,0.0,0.0,0.0,1.0,0.0,0.0,0.0,0.0,4114.5
surgery_cases/49f204b2250c8995c070e23484a83908b8a7b828da7ddf125eda26a447d96e13,1.0,24233.25,0.0,0.0,1.0,0.0,0.0,0.0,0.0,262.5,0.0,0.0
surgery_cases/4acadc36e74764c1e398d26e17a2bdd1a0af4e2091d3afb729d7a7edc16ee66d,1.0,44002.5,0.0,0.0,2.0,0.0,0.0,0.0,0.0,732.0,0.0,0.0
surgery_cases/4b128d1678ede684fbcb8593094f9ac85af544aa4335f297849c123df1045462,1.0,56422.5,0.0,0.0,0.0,1.0,0.0,0.0,0.0,0.0,303.75,0.0
surgery_cases/4b1c35c3e988f7fef57fcca987677cf34fae923acd6e4ab42cf7dd45ca0b95d8,1.0,50187.0,0.0,0.0,0.0,0.0,1.0,0.0,0.0,0.0,0.0,2717.25
surgery_cases/4b2bf2d31289c83336aca38b99a14075be00be76333e2a87bf9a7e207deceb32,1.0,65777.25522750616,0.0,0.0,0.0,0.0,1.0,0.0,0.0,0.0,0.0,13554.00107717514
surgery_cases/4b42d1f1589b4ff634fab49ecdc66c34d6b0d160823550498d34b919fa647783,1.0,62517.745031535625,0.0,0.0,0.0,0.0,1.0,0.0,0.0,0.0,0.0,15218.998790502548
surgery_cases/4b4a4d709d7aad858b2c5a57129a029dc3138f1ddc7f502ef62d768e66b13e56,1.0,48099.0,0.0,0.0,0.0,0.0,1.0,0.0,0.0,0.0,0.0,1498.5
surgery_cases/4b5d020541a63bf5793d8cb37c283ca421b7a3a263cff89a0cab560d8a6cb8e6,1.0,66591.0,0.0,0.0,1.0,0.0,0.0,0.0,0.0,357.0,0.0,0.0
surgery_cases/4ba87ef053405cd572e2220d134e99a451b41b01e0cfa983b1dc3c224fe51473,1.0,50106.75,0.0,0.0,1.0,1.0,0.0,0.0,0.0,787.5,336.75,0.0
surgery_cases/4bf7f430ac57f31215ecbe8c926f1f65a0ab3bcece44ff40c6f711de9d38b758,1.0,82857.0,0.0,0.0,0.0,0.0,1.0,0.0,0.0,0.0,0.0,19899.75
surgery_cases/4bfb678a02f036f3f73b4245d4080c24acc186f5f1284eab19c82d8f4a4baefb,1.0,37988.346989393234,0.0,0.0,1.0,2.0,0.0,0.0,0.0,589.7652423381805,1781.2403395175934,0.0
surgery_cases/4c0ae706b3429a74f58ed98b2cb308a21ccef28eb2e8894d06e6baded37b2766,1.0,57429.0,0.0,0.0,0.0,0.0,1.0,0.0,0.0,0.0,0.0,1110.0
surgery_cases/4c12c2385dc9fa4d2e69cb544c2c315697e47905c352f0360328cf2c2499504b,1.0,46964.25,0.0,0.0,0.0,1.0,0.0,0.0,0.0,0.0,1785.0,0.0
surgery_cases/4cc60f16ebd70e533a9951df5e4a59044e75ce01bee75dc1d1b49f16eafc4c0e,1.0,50286.74356478453,0.0,0.0,0.0,0.0,1.0,0.0,0.0,0.0,0.0,1728.9989531636238
surgery_cases/4cee64780979c2d2062b5e4f6947eaeaa5104a09c3e58b1e0e41eafe5310bea4,1.0,35721.75,0.0,0.0,0.0,0.0,1.0,0.0,0.0,0.0,0.0,11828.25
surgery_cases/4dc93191ee8912a05cb38ee5d44cc2afd88df2fcba15f596bfc6a559547d4dad,1.0,36708.75,0.0,0.0,1.0,1.0,1.0,0.0,0.0,327.0,701.25,3945.0
surgery_cases/4e43c106051b1fdaaba91c69af23aca4c6ae053954a173f52da1937204ae6050,1.0,43300.5,0.0,0.0,0.0,0.0,1.0,0.0,0.0,0.0,0.0,1848.0
surgery_cases/4e9451e3c6e39eff07c0f27120119307e665222235d6f784811f0b8d02dad7e1,1.0,78573.75,0.0,0.0,0.0,1.0,1.0,0.0,0.0,0.0,388.5,12063.0
surgery_cases/4e9ca36715831fa527f400ed917c7e6fe047c1ddc45328da8a59a296d80007d4,1.0,31044.0,0.0,0.0,1.0,0.0,0.0,0.0,0.0,1232.25,0.0,0.0
surgery_cases/4e9e017112963fc41d69c8132531c6c1d95696f018670760745786164affe3ba,1.0,50883.0,0.0,0.0,0.0,1.0,1.0,0.0,0.0,0.0,202.5,1645.5
surgery_cases/4ee7f7341e2fa4467136f405edcf66169f3b982d60f41082cb35d4a9889ba8b6,1.0,50539.5,0.0,0.0,4.0,0.0,0.0,0.0,0.0,1850.25,0.0,0.0
surgery_cases/4f4b8a36de225d3d04b3a8ddad973c576c8174a3318851be5bc457eab696a3f9,1.0,51027.0,0.0,0.0,1.0,0.0,0.0,0.0,0.0,1940.25,0.0,0.0
surgery_cases/4f4cd2cf915f7d4817ebfc9a3c6e00877fe87fb23fec22b1dd87c3ac1b31f37e,1.0,43033.5,0.0,0.0,0.0,1.0,0.0,0.0,0.0,0.0,4942.5,0.0
surgery_cases/4fa4639f24ca340151f47bb36d8f10ff3a6f5b29f86acc3bed6b6b61cf1cf5d9,1.0,57375.0,0.0,0.0,0.0,2.0,0.0,0.0,0.0,0.0,1886.25,0.0
surgery_cases/4fab64e6a49463aae44104ad53026c152a2b847ef65b6e9fcb13f20868812aa0,1.0,144659.47111344337,0.0,0.0,0.0,2.0,0.0,0.0,0.0,0.0,1465.1896018981934,0.0
surgery_cases/4fb06c9925c44f13f562b78fa03398fed0730ecb206892ab51cf89f96c5b4be6,1.0,67632.0,0.0,0.0,0.0,1.0,1.0,0.0,0.0,0.0,1493.25,1793.25
surgery_cases/500f93d516e9e95cf16f0203b18cfb3251f0f9e702d4c0f9b426580c21a6aafe,1.0,57250.5,0.0,0.0,0.0,1.0,0.0,0.0,0.0,0.0,398.25,0.0
surgery_cases/5129d602017ca717b3cef337e17275b645f0ea83c32b9171df48f1a0fcb8cf80,1.0,51441.0,0.0,0.0,2.0,0.0,0.0,0.0,0.0,4170.75,0.0,0.0
surgery_cases/51e384ec25552d4f1de5c5d5e6eb3d2518d8da579443528883b827c0de83d8c0,1.0,49326.75,0.0,0.0,0.0,1.0,1.0,0.0,0.0,0.0,1509.0,5284.5
surgery_cases/51e6ba58b0188a9fc31b407acbe28db3e0467627c0934ef3368fee84ee61afb0,1.0,70315.5,0.0,0.0,2.0,1.0,0.0,0.0,0.0,1019.25,699.75,0.0
surgery_cases/51efdf989003feb4ba77d2d38e430554806b78f3f6be27c1592e19d4f8d87369,1.0,43168.67811000347,0.0,0.0,1.0,0.0,1.0,0.0,0.0,159.97725820541382,0.0,3045.4929895401
surgery_cases/52931ad966765be004d02d75060e9d2149768c5d69aa3ae28cc6539e49b9510c,1.0,140088.0,0.0,0.0,0.0,0.0,1.0,0.0,0.0,0.0,0.0,1357.5
surgery_cases/5346fa6f2a3a8fd46daa454dce1ea65ab7b6fc9449d700f913e4bac7b69528f8,1.0,170058.0,0.0,0.0,0.0,1.0,0.0,0.0,0.0,0.0,453.0,0.0
surgery_cases/5352c0f95c43a7c160c99b2ccd88c61f0d737cce9933d7b7adb456a298892c43,1.0,129015.75,0.0,0.0,1.0,2.0,0.0,0.0,0.0,1907.25,1134.75,0.0
surgery_cases/549eacdbd1ff69ee5bebf48a63093a4b557cbf1d60376ea60880ace24e98e079,1.0,58699.5,0.0,0.0,1.0,0.0,1.0,0.0,0.0,376.5,0.0,1779.0
surgery_cases/551ff820d21edf4fc8d3f3de5763b34194b917ec17f1195dd200b8eeb21fcfdb,1.0,36180.0,0.0,0.0,0.0,1.0,0.0,0.0,0.0,0.0,1184.25,0.0
surgery_cases/55ecda4773dc506a9b3feec979f97259fe67597e36195769eaf5476490ffe3b7,1.0,60833.25,0.0,0.0,2.0,0.0,1.0,0.0,0.0,1347.75,0.0,1577.25
surgery_cases/56150c0439544d36ca34387ab408abeaf9998f01dc633d60e49edc9a3698216f,1.0,55440.75440603495,0.0,0.0,0.0,0.0,1.0,0.0,0.0,0.0,0.0,58600.504657149315
surgery_cases/561ad2336b84c86627ae73e82861a955c80625d214b62c3e3d472b33ba496b00,1.0,38769.501440525055,0.0,0.0,0.0,0.0,1.0,0.0,0.0,0.0,0.0,1741.1625646948814
surgery_cases/5643278981d77abc8fb5e5f8e533baa1c5dec1084b6fa776d20332b16a348239,1.0,36652.5,0.0,0.0,0.0,0.0,1.0,0.0,0.0,0.0,0.0,1300.5
surgery_cases/56bad364158623af5e032e4eef4b52191f348f7de49409ca69244bc7f4a67e53,1.0,43365.75,0.0,0.0,0.0,1.0,0.0,0.0,0.0,0.0,1156.5,0.0
surgery_cases/56cacd0388610f5776cb6c14b511f6dd29eeb701332219e06925ebd9c4484bcc,1.0,43476.0,0.0,0.0,1.0,0.0,1.0,0.0,0.0,876.0,0.0,3565.5
surgery_cases/56fa5899c8792b9c3643187c5f0186fbff39ccf169a7382711b475ce0590d659,1.0,39661.5,0.0,0.0,0.0,0.0,1.0,0.0,0.0,0.0,0.0,2919.75
surgery_cases/57e71bf49ade39b5efa8870e36c48800cd5c5788c8556a5c3943d4399e0625b2,1.0,31128.75,0.0,0.0,1.0,0.0,1.0,0.0,0.0,333.0,0.0,3474.0
surgery_cases/589ffa66c420daa36d10926f4606619c6845ddc0b1ccfcbea0a2a6504464bb75,1.0,43273.503439068794,0.0,0.0,0.0,1.0,2.0,0.0,0.0,0.0,249.00001978874207,2619.750208199024
surgery_cases/58dba2eab2e8aab37a8481afa674e34da380088b5c9fda6d98c57a4f43b1a054,1.0,80247.0,0.0,0.0,1.0,0.0,1.0,0.0,0.0,576.75,0.0,3014.25
surgery_cases/591e4228120db289a1541b1c94afc1feb7da7ed37b1e4fcf002ac478b658d8a1,1.0,47952.0,0.0,0.0,1.0,0.0,1.0,0.0,0.0,894.0,0.0,4121.25
surgery_cases/593bd74e6b5c5bdbfb7e2f6c38acadf8eecbec65af79ad0c3fc0a77f6e7f8317,1.0,37827.0,0.0,0.0,0.0,1.0,0.0,0.0,0.0,0.0,648.75,0.0
surgery_cases/59770d29b57cd4b7975bd1360e787eb33cd73abf85950662c3ea76f438a866b5,1.0,36665.25,0.0,0.0,0.0,1.0,1.0,0.0,0.0,0.0,689.25,17253.0
surgery_cases/59f1b9bc41791aedc41b22d621bf6e2877db035d1b9c320a4d6409574bf0b8d9,1.0,70809.76125490665,0.0,0.0,0.0,1.0,0.0,0.0,0.0,0.0,2760.0004386901855,0.0
surgery_cases/5a177e8138c7a7d01714caae8f39f513a6cf499ad066cd41b3b1c49e867e3755,1.0,40067.25,0.0,0.0,1.0,0.0,1.0,0.0,0.0,191.25,0.0,1657.5
surgery_cases/5a953e2a38378b129ad09060a231255c77d1a67cfbb59b2a954809d5f05caec8,1.0,58651.5,0.0,0.0,1.0,0.0,1.0,0.0,0.0,432.75,0.0,5980.5
surgery_cases/5af8beeee51026a9024e37555fac5a4be71afd6b70b817556410182ef5f01a46,1.0,49649.25,0.0,0.0,0.0,1.0,0.0,0.0,0.0,0.0,301.5,0.0
surgery_cases/5b0041fe21696b624aab9f9c179c38dc9ca2f4b74fe3c3db5fc2c014d1cbbf85,1.0,40251.75,0.0,0.0,1.0,2.0,0.0,0.0,0.0,371.25,304.5,0.0
surgery_cases/5b527277f46258c3c73d7bb914e5b2d513cf0d5e367f9c13c0757814b07237d9,1.0,52862.25,0.0,0.0,1.0,0.0,1.0,0.0,0.0,106.5,0.0,639.0
surgery_cases/5bd30dc70d3094e7c155174e776a9ccbd3bf5cd5d5f17b19ab4be3f2013487ff,1.0,42295.5,0.0,0.0,1.0,3.0,0.0,0.0,0.0,864.75,1578.0,0.0
surgery_cases/5cddb96da8b542cd3b35c1427473986f1ab0746bba36b9bce16edf729d0677e8,1.0,42959.25341409445,0.0,0.0,0.0,0.0,1.0,0.0,0.0,0.0,0.0,3603.0002863407135
surgery_cases/5d1d74a183607743f7fc2464e29d1d474e1885afa86a9b608591acc1914d5e28,1.0,25896.0,0.0,0.0,1.0,0.0,1.0,0.0,0.0,488.25,0.0,2010.75
surgery_cases/5d3c614008d80590818975028d73f9a3d347ac8250abe1af30ce7a8c860df3be,1.0,55197.8811314106,0.0,0.0,0.0,1.0,1.0,0.0,0.0,0.0,255.80502676963806,8985.719179987907
surgery_cases/5d8cbf64580f3eab310ab79a6899c18bc148b96cef7b273a02f524528f168f64,1.0,57702.75,0.0,0.0,2.0,1.0,1.0,0.0,0.0,2241.75,220.5,2444.25
surgery_cases/5d8f793a82e871531e9c646e807cc17dd926a224a51d7e5372ceb21abae4a443,1.0,49541.996062755585,0.0,0.0,0.0,0.0,1.0,0.0,0.0,0.0,0.0,10325.249179422855
surgery_cases/5e3d351705067db61058c611eb6373738adabe911e2ae2bf2d93eb2cf94836c6,1.0,33810.0,0.0,0.0,1.0,1.0,0.0,0.0,0.0,98.25,480.0,0.0
surgery_cases/5e50d00f48355fb3d9a3a62eee8e633e342a68e98d22e4b011f9383b88482be5,1.0,44762.25,0.0,0.0,0.0,0.0,1.0,0.0,0.0,0.0,0.0,3317.25
surgery_cases/5e8a7d7b4987a18291396d80d1cb392e73d1881508a0d61fbd9cd28d40a202be,1.0,50443.5,0.0,0.0,1.0,0.0,1.0,0.0,0.0,344.25,0.0,10881.75
surgery_cases/5ec961bc7a66eeff9c6bfe5e60a5e09d81d554fc45cc9709aeadc56dc9a24cf6,1.0,52662.0,0.0,0.0,0.0,2.0,0.0,0.0,0.0,0.0,737.25,0.0
surgery_cases/5ee2c33faad6263d24fd25eb326a68f84741eedb4ce8778ac995b6a94b9d7c86,1.0,57875.25,0.0,0.0,1.0,0.0,1.0,0.0,0.0,1260.0,0.0,3756.0
surgery_cases/5ef6924af7b0bd454a24185b9540ba6c8400fb772851f07b6f81e01f7f1ca5b3,1.0,33314.25,0.0,0.0,0.0,0.0,1.0,0.0,0.0,0.0,0.0,2380.5
surgery_cases/5f602b93b37a0240ca52633ef387912978902956624d8d38110a5629d4e91e14,1.0,39713.25,0.0,0.0,1.0,1.0,0.0,0.0,0.0,756.0,276.75,0.0
surgery_cases/5fbddddf603085e009d952d37b5dc6830dbbcf5706eab517d9d4ba870712c97f,1.0,109541.25,0.0,0.0,0.0,0.0,1.0,0.0,0.0,0.0,0.0,8376.75
surgery_cases/5fbde0156ae5137577b0fa3c6a14e3e562c4e011881319bf0a2b4ab75d5aef12,1.0,27312.75,0.0,0.0,0.0,1.0,0.0,0.0,0.0,0.0,723.75,0.0
surgery_cases/606a1e0eb3387d4cc51d673b2978d67880cbfa322e884f0bb495fb5e5c602de1,2.0,166351.5,0.0,0.0,0.0,0.0,2.0,0.0,0.0,0.0,0.0,4755.0
surgery_cases/608f3295f274d4181224b43d9ca5227f0b2e44883ee0f0894e3722abe6c629a0,1.0,80109.0,0.0,0.0,1.0,0.0,1.0,0.0,0.0,1641.0,0.0,1554.75
surgery_cases/609f640dff0f79446e3d0394616fc90eadf6935068d2c6fc755f95efe16d6bd7,1.0,55815.75443583727,0.0,0.0,1.0,0.0,0.0,0.0,0.0,1596.000126838684,0.0,0.0
surgery_cases/60c9e4a8e5c074a088b1a2566aa5e6432e0689e19db6267f9199be2e571a60b9,1.0,46704.0,0.0,0.0,2.0,1.0,0.0,0.0,0.0,2382.0,1062.75,0.0
surgery_cases/611fcf7d98c92c0ba9172f9a1ef67061375de5e2f06a9353d8d47a5078d4849e,1.0,48524.25,0.0,0.0,0.0,0.0,1.0,0.0,0.0,0.0,0.0,1605.0
surgery_cases/61a6fad1b5066ce40b85fc7fdc7d0c47af2061e635c4f6e75ea5917204e76ad4,1.0,67393.5,0.0,0.0,0.0,0.0,1.0,0.0,0.0,0.0,0.0,1249.5
surgery_cases/61aecd702cd59a53ca2d91ba71d5bee41f3f74ecb155ccd2c908f7f793c1871d,1.0,69676.5,0.0,0.0,1.0,0.0,0.0,0.0,0.0,939.0,0.0,0.0
surgery_cases/61e6d65e506e6cdb5282e24f02bcb0592beeb8abd0fcef63efc19b22629b21ea,1.0,40635.75,0.0,0.0,1.0,1.0,0.0,0.0,0.0,108.0,193.5,0.0
surgery_cases/62345711fbc27e4a266efc93277ce599a5d4cb6cb053f83dce756b24e386245b,1.0,32554.5,0.0,0.0,1.0,0.0,1.0,0.0,0.0,105.75,0.0,1586.25
surgery_cases/62ca418340964cff5e99d18f621ab1a2632b6022a5bc4f49ff52ccad1fa81a07,1.0,34524.75,0.0,0.0,0.0,1.0,0.0,0.0,0.0,0.0,345.0,0.0
surgery_cases/631c38d4dc1976ab86c4d24544c9ee0ef8c4b2cb5f0b816161c2a137e4225df0,1.0,97642.5,0.0,0.0,0.0,0.0,1.0,0.0,0.0,0.0,0.0,5166.75
surgery_cases/638e5caa2393324ed5816076f4e0d6955cd0f7f29f88972e78d8990d21d1f166,1.0,41151.75,0.0,0.0,0.0,1.0,1.0,0.0,0.0,0.0,93.75,641.25
surgery_cases/63bd2b97b3a173ce357ff277d67b0f5086fc16badf19b936e1be4de1bd43b6d2,1.0,55440.0,0.0,0.0,1.0,1.0,0.0,0.0,0.0,2862.0,908.25,0.0
surgery_cases/63e56f4f9b71e433eb0ba6d3dff3ecd4ab0a16dc604216b15d36c75a52b0892a,1.0,184741.5,0.0,0.0,1.0,0.0,2.0,0.0,0.0,216.0,0.0,2754.0
surgery_cases/63e5e4e474861295727bc3d5e068389e29bdea8a2250ceb4c5ee260f41fabeb1,1.0,58062.75,0.0,0.0,1.0,1.0,0.0,0.0,0.0,318.75,723.0,0.0
surgery_cases/642e33738f1ff4de50586fae538303cc7d576cfd6b1103db3e60658576ce0dad,1.0,136544.25,0.0,0.0,1.0,1.0,0.0,0.0,0.0,5414.25,1320.0,0.0
surgery_cases/644e1a3d5b4c8967435b0267555ac0279f6f99493e2b58a6350f9846ed0d0332,1.0,90870.0,0.0,0.0,0.0,0.0,1.0,0.0,0.0,0.0,0.0,1763.25
surgery_cases/6486b873a62d809fbb3f3e29d1b1f8804bd54ea4e865fea75365f6fe899d469b,1.0,33413.25,0.0,0.0,1.0,1.0,0.0,0.0,0.0,552.0,438.75,0.0
surgery_cases/648c9720b0f7bcad9f7d95a59902f30ba09e490f0543c101d4ebf8b2c8ba031d,1.0,43299.0,0.0,0.0,1.0,2.0,1.0,0.0,0.0,329.25,367.5,1492.5
surgery_cases/6494496c177a1b909e646d45b83a3d9714e34fc86116a9d492b4175562b5b6a3,1.0,39048.0,0.0,0.0,0.0,0.0,1.0,0.0,0.0,0.0,0.0,2510.25
surgery_cases/649c2f0bb12f39ef7b803f479b2770ba045832cc4c1bfc35f200626028f526c5,1.0,43295.25,0.0,0.0,2.0,0.0,1.0,0.0,0.0,6498.0,0.0,1824.75
surgery_cases/64e4be8c0379a9314d84633e3b3650f17eaca3cadcb181e0882a7f3d53edc10f,1.0,32829.0,0.0,0.0,0.0,0.0,1.0,0.0,0.0,0.0,0.0,718.5
surgery_cases/652b5fee5b0b1fb6d7fa477d5d3bddbaad59fd14730b46c26f299b0b820c5cf0,1.0,42852.75,0.0,0.0,0.0,1.0,1.0,0.0,0.0,0.0,190.5,664.5
surgery_cases/6533a8f6ff7d071ef4327a73aeb53fcca74f527796af550fffcaa71ff0c76de3,1.0,82454.25,0.0,0.0,0.0,2.0,1.0,0.0,0.0,0.0,1675.5,1945.5
surgery_cases/6579f00d9e71e87ba1d1cc434547e53686fdcfac950e3b8f8e684d2ca566d28f,1.0,51822.75,0.0,0.0,1.0,0.0,1.0,0.0,0.0,319.5,0.0,3424.5
surgery_cases/658b6979a778610916ca7f9ff82a9b8ecbb9cdbfeee5bdda094d0cde61d55477,1.0,52181.25,0.0,0.0,0.0,0.0,1.0,0.0,0.0,0.0,0.0,5676.0
surgery_cases/66bc0efaa0dd20e8bde9167a0e50380b31e9ba1eb96d232d9d2483d442646944,1.0,69905.25,0.0,0.0,1.0,2.0,0.0,0.0,0.0,85.5,573.75,0.0
surgery_cases/66c19703c6a3dc9f499fc39581c66f5fcfef598fff49e2609ebf9372f17e37ab,1.0,43305.75,0.0,0.0,2.0,0.0,0.0,0.0,0.0,778.5,0.0,0.0
surgery_cases/66d377fe82bacaebe1e06369a2e34c67fd20e727810bbd4ece1fcf992d567964,1.0,39989.25,0.0,0.0,1.0,0.0,0.0,0.0,0.0,198.0,0.0,0.0
surgery_cases/66d9ec3ba866fba3bc072162d81f9cd2171685f4f0d58d439d82cc02bd67ab06,1.0,30114.75,0.0,0.0,0.0,0.0,1.0,0.0,0.0,0.0,0.0,8679.0
surgery_cases/66ed38a8905e14eceb08e2421449adc6ab449196832bd0660354aa22d99c9faa,1.0,30163.497602820396,0.0,0.0,0.0,0.0,1.0,0.0,0.0,0.0,0.0,1578.7498745322227
surgery_cases/6719f6805d96527d7dd23ebf55a901182e1e914777cc2f0f183033b11076cf23,1.0,90432.75,0.0,0.0,0.0,1.0,0.0,0.0,0.0,0.0,619.5,0.0
surgery_cases/674bb4a032ffb05f6ee4141369898405961d4c32959dec601be15de27e163149,1.0,37864.5,0.0,0.0,0.0,1.0,1.0,0.0,0.0,0.0,405.75,1868.25
surgery_cases/68fdbbf7145a3e4ab053d01972f2dcabe7f299d496deda0365f5eb745197e3bc,1.0,53440.5,0.0,0.0,0.0,0.0,1.0,0.0,0.0,0.0,0.0,5381.25
surgery_cases/69095af870d2a23198458f6d02fc0694607c483580684f47bbaeaa53c5ea97cd,1.0,50796.0,0.0,0.0,1.0,2.0,1.0,0.0,0.0,212.25,1186.5,921.75
surgery_cases/69ee7773d57409d7912b08b55b57461dd0d50e83524fd039a21604a82c23fef3,1.0,79563.75,0.0,0.0,3.0,0.0,0.0,0.0,0.0,2646.75,0.0,0.0
surgery_cases/69faf1941f5596292364188c06d8ff0d3472e048f94c6742c4fc25c3fe8cd7e5,1.0,67065.0,0.0,0.0,1.0,0.0,0.0,0.0,0.0,327.75,0.0,0.0
surgery_cases/6a61028f6aef24992906e2e6fc9d34c0afe6de2b51d004fc7769d62f068a180b,1.0,92989.5,0.0,0.0,0.0,1.0,0.0,0.0,0.0,0.0,861.75,0.0
surgery_cases/6ab667eaa12b903d01c8049da9e45794547582b6e14f4706abbb0f597b84f475,1.0,68919.75,0.0,0.0,1.0,1.0,0.0,0.0,0.0,457.5,107.25,0.0
surgery_cases/6b56342a174daf87a35616b8c2b57e0df98b2bc74d70de00c2a7bffec34d7d13,1.0,38354.25,0.0,0.0,0.0,1.0,0.0,0.0,0.0,0.0,587.25,0.0
surgery_cases/6b907a5cbc916bd9579d8b1d2d179fe6ea118e0f2560b7daeef67ba9476f215d,1.0,70285.5,0.0,0.0,0.0,3.0,1.0,0.0,0.0,0.0,880.5,1361.25
surgery_cases/6c0bb920f4a470ce57d75bf8479e639f73685baf3890c5f2e323936ed7f82b24,1.0,22155.75,0.0,0.0,0.0,0.0,1.0,0.0,0.0,0.0,0.0,4379.25
surgery_cases/6c0f3b8516a752942c239396017e389286679c34bdcd793fb7571e60d99b4a6a,1.0,51738.75,0.0,0.0,1.0,1.0,0.0,0.0,0.0,364.5,2482.5,0.0
surgery_cases/6c46763d7b7c981dedf7339e23bd6c96819ba3326995d791c567a6af543758c5,1.0,38689.5,0.0,0.0,1.0,0.0,1.0,0.0,0.0,976.5,0.0,1308.0
surgery_cases/6c48b8aaa5bb27e23ce26c25396e09156d9275d893ecbefb2e3e28a2443a41c4,1.0,26097.75,0.0,0.0,1.0,1.0,0.0,0.0,0.0,528.0,777.0,0.0
surgery_cases/6c5fb9c6c9f9b7838f8b6b228c546956f2cb1979536c48022b6dcd2a85ea9335,1.0,73928.25,0.0,0.0,2.0,0.0,1.0,0.0,0.0,643.5,0.0,4219.5
surgery_cases/6cdec2852c7d7c577bb3bd874bd7f213132d31b5b1bf9a514bc762c8290d4120,1.0,51769.5,0.0,0.0,0.0,0.0,1.0,0.0,0.0,0.0,0.0,1647.0
surgery_cases/6dcf12d5314a407140c075cdbfe67c315f48674fa1d792ffea14c8aae3509665,1.0,37929.75,0.0,0.0,2.0,0.0,1.0,0.0,0.0,1140.0,0.0,1695.75
surgery_cases/6dd2358061085efabe9dbfe33d1c3009cdb77837ac208f172b0b6e34bc2f6997,1.0,67794.0,0.0,0.0,1.0,2.0,1.0,0.0,0.0,953.25,1499.25,645.75
surgery_cases/6de3453d597791d7577eb528a3ea85cfbcdd1e257ddaae22a7db0c917acead1f,1.0,63160.20250976086,0.0,0.0,0.0,1.0,0.0,0.0,0.0,0.0,1636.2000650167465,0.0
surgery_cases/6e8a53bc9f6bd5802d64b43da8d53dd4f14c86382ea786ed45851d77407872a8,1.0,34124.25,0.0,0.0,1.0,1.0,0.0,0.0,0.0,945.75,405.0,0.0
surgery_cases/6f66e736fa4b3ca31ec371e71d6f9b40009cbd595964d1dd5488735ec9545770,1.0,116622.75,0.0,0.0,0.0,0.0,1.0,0.0,0.0,0.0,0.0,2708.25
surgery_cases/6fbe53ef12656d7fd124219526adade6e0b6e57a5618932344c018c609ea6d0d,1.0,88641.0,0.0,0.0,0.0,1.0,1.0,0.0,0.0,0.0,369.75,5458.5
surgery_cases/7046ecbcd8c576edbdcc4ca6a1b819ac205d480dce30be4f089632a90a9a96f0,1.0,62277.75,0.0,0.0,1.0,2.0,0.0,0.0,0.0,381.75,1440.75,0.0
surgery_cases/705448ea7c35d1f5705ced96bc88ab5f60fe43bc7e67513d34346b40dd4600a3,1.0,31635.0,0.0,0.0,0.0,1.0,1.0,0.0,0.0,0.0,541.5,3705.0
surgery_cases/707a071ddb246ae93b1f053da42efafe6dda63a8431c05ded57aef2eb46ea207,1.0,53773.5,0.0,0.0,0.0,0.0,1.0,0.0,0.0,0.0,0.0,26884.5
surgery_cases/7168c5dd717e233183b1dc92ba6ae7d6a4d4e16f3960482d8c3353f6b438b510,1.0,82126.49347317219,0.0,0.0,1.0,1.0,0.0,0.0,0.0,548.2499564290047,287.9999771118164,0.0
surgery_cases/717bac67e4690a2aca5fa0a7360c19b1b4a9c796443be7174d2e632f3564120d,1.0,36712.5,0.0,0.0,0.0,0.0,1.0,0.0,0.0,0.0,0.0,2571.75
surgery_cases/718d039c3f7adadad083d9ba5e19a21430c46f4fcd4997fd05720b83ba8b82fb,1.0,62256.0,0.0,0.0,0.0,1.0,0.0,0.0,0.0,0.0,406.5,0.0
surgery_cases/71d248595724c6fb4c12c4481787a9ac4ab3df65b6abfe28af538f895c714fab,1.0,50564.25,0.0,0.0,0.0,0.0,1.0,0.0,0.0,0.0,0.0,21548.25
surgery_cases/72be8161401ee68c4b5a8ede7a844dd931132f1516c91c80373efa46384dcbf0,1.0,95229.00756812096,0.0,0.0,1.0,0.0,0.0,0.0,0.0,185.25001472234726,0.0,0.0
surgery_cases/73a3cb068fc464d15af61de3ce58a7fdca0d1c24422ab7bf62d615e6519bdc4e,1.0,34395.0,0.0,0.0,0.0,1.0,0.0,0.0,0.0,0.0,136.5,0.0
surgery_cases/73e502996146df0340524d9798e235f36f2d1005c6b10af151606f5f1e789d72,1.0,38247.0,0.0,0.0,0.0,2.0,0.0,0.0,0.0,0.0,1149.0,0.0
surgery_cases/7591953da20f4f2de12055c24f5c41abed592064a527cf0a7fdd12687e58e400,1.0,68062.5,0.0,0.0,0.0,2.0,1.0,0.0,0.0,0.0,998.25,1740.75
surgery_cases/75b8149d2fc2b5d7cb54aedaaed17e987d76c8ecbe13603327480279e45fab38,1.0,42223.5,0.0,0.0,2.0,2.0,0.0,0.0,0.0,2800.5,1104.0,0.0
surgery_cases/75c5ca5091a5747bb8b857ea8e0f5aed6223ee7a19d0a1278f53fad8e2cfc967,1.0,46427.25,0.0,0.0,0.0,1.0,0.0,0.0,0.0,0.0,1129.5,0.0
surgery_cases/767b73211579b8e1bccfe3b4c6c2aca3b0dd0efff5d8870e0c1487bda338cc6b,1.0,54888.75,0.0,0.0,0.0,1.0,0.0,0.0,0.0,0.0,858.75,0.0
surgery_cases/767c5d46b4c8dcf249bbfbe4b010acf9f5c2253f2a91717ea094a1c3f4b55e1a,1.0,111969.75,0.0,0.0,2.0,1.0,0.0,0.0,0.0,3815.25,98.25,0.0
surgery_cases/76ae7513442e490045c3d64699617e0cef3cf4056f72fb01bad7ad6bff7f3507,1.0,66075.0,0.0,0.0,2.0,2.0,0.0,0.0,0.0,966.0,431.25,0.0
surgery_cases/7745a4110c4c3d94c56f9ad7d628327fafe07ad7a24d406b401c83ef40acb439,1.0,33948.75,0.0,0.0,1.0,0.0,1.0,0.0,0.0,312.75,0.0,760.5
surgery_cases/775f8c60c4f0c825719e69e6489e0b1c61f6c4b43c267b2cb392a1ec88825f2d,1.0,60678.745177686214,0.0,0.0,1.0,0.0,1.0,0.0,0.0,195.7499844431877,0.0,3382.499731183052
surgery_cases/77905fecf40cd013d504e070b19529aa398a19e27d9e19a7a22a073008f98193,1.0,33574.5,0.0,0.0,0.0,0.0,1.0,0.0,0.0,0.0,0.0,3261.0
surgery_cases/7811fba2b3f4e0b6824740e7bd661618c3f96781301e61073e69e66fecc12e33,1.0,47384.25,0.0,0.0,2.0,1.0,0.0,0.0,0.0,783.75,597.75,0.0
surgery_cases/78617c332d3c8bb9e696def64990d450c6f354568065024dddfa8a5d0665ba62,1.0,103741.5,0.0,0.0,0.0,0.0,1.0,0.0,0.0,0.0,0.0,3222.75
surgery_cases/7898918f347daaf1cedeed3aa00203c0db5a7d4a7bab1bfbc0ea666a71bd0e15,1.0,34942.5,0.0,0.0,2.0,1.0,0.0,0.0,0.0,1064.25,278.25,0.0
surgery_cases/789f1c7ecf54cc3ea89611b669a3cb787f26777e8a896bdf66100db560c936ee,1.0,49830.75,0.0,0.0,0.0,0.0,1.0,0.0,0.0,0.0,0.0,3446.25
surgery_cases/78c10ca3966c8064702c6423d024a6b7f20065db298994c23b17cc1d7e135a86,1.0,31023.75,0.0,0.0,0.0,2.0,0.0,0.0,0.0,0.0,1497.0,0.0
surgery_cases/79d6172331f5b7266b4c7aef9031d1e6821ce0a822d60280afa98e9669ba47b0,1.0,55877.25,0.0,0.0,0.0,1.0,0.0,0.0,0.0,0.0,575.25,0.0
surgery_cases/7a0d2634e69b19e623fa149505e5a8dffa9259b5a12422f9aa5592e4d0b5087c,1.0,65150.25,0.0,0.0,0.0,1.0,0.0,0.0,0.0,0.0,498.0,0.0
surgery_cases/7a543cd8744312a7a1f65f4332c14eec0a35ee5c5d74c38fdc954cc21140e21f,1.0,54063.75,0.0,0.0,0.0,2.0,1.0,0.0,0.0,0.0,1333.5,11991.75
surgery_cases/7a5bb54b1b306800b99115c26b98d0f2cc37e684c4860b434b4435f6b26d1049,1.0,38985.75,0.0,0.0,0.0,2.0,0.0,0.0,0.0,0.0,1589.25,0.0
surgery_cases/7a722c34f24931283dffd8b57bc273c2b5966df29f311a1e2cca1f9209b5cb43,1.0,73965.75,0.0,0.0,0.0,0.0,1.0,0.0,0.0,0.0,0.0,1992.0
surgery_cases/7a978ebb0c497d362fdd0b2caa49a03068a523a8bdf98e73ff3952eb7f08ff78,1.0,85590.0,0.0,0.0,0.0,0.0,1.0,0.0,0.0,0.0,0.0,2539.5
surgery_cases/7a9a9e4f73a70dd48d77a01e9a4c582c23b552fcacbb292846911f6858267e47,1.0,52592.25,0.0,0.0,1.0,0.0,1.0,0.0,0.0,58.5,0.0,3020.25
surgery_cases/7acd1c9750e02d040b9c695b9aaabd299436710d7e92f7d3b023265d31af3ed2,1.0,29433.75,0.0,0.0,0.0,0.0,1.0,0.0,0.0,0.0,0.0,1706.25
surgery_cases/7b15c9c2d5c56ab572059ade3f061da94858a8627f927464463765e3369f5f98,1.0,39021.0,0.0,0.0,0.0,0.0,1.0,0.0,0.0,0.0,0.0,798.0
surgery_cases/7bbf80630b3cea0366208a20f50b775f81ba364b92fa82f3eb2349ccab432edd,1.0,44068.5,0.0,0.0,1.0,0.0,0.0,0.0,0.0,1874.25,0.0,0.0
surgery_cases/7c65995387403381ee3cb058cf483540ce9651a60d0f8a8ca01c66aaa0906b9a,1.0,37605.75,0.0,0.0,0.0,1.0,1.0,0.0,0.0,0.0,309.75,2997.75
surgery_cases/7d738a67a771e0809989da44128b51d4c698d937b8f906a64c459ba57b68faee,1.0,35355.0,0.0,0.0,1.0,0.0,1.0,0.0,0.0,1116.0,0.0,1386.75
surgery_cases/7db9297e5329fbf7a78613d351a6c6fa23b74142cf3bc3a11ffb40d2cbb05f37,1.0,62749.5,0.0,0.0,0.0,0.0,1.0,0.0,0.0,0.0,0.0,993.75
surgery_cases/7df704db327ac38432b2188cbd0a9dc19fd540d606fdd62a8a9a2c0b6d1ffaf0,1.0,54093.0042989254,0.0,0.0,0.0,2.0,1.0,0.0,0.0,0.0,1310.2501041293144,1614.7501283288002
surgery_cases/7e0c284a9f63456d76e5e6aa00f56b70760a46ca6cae1aacc7853ac80e1022c0,1.0,36419.25,0.0,0.0,0.0,1.0,1.0,0.0,0.0,0.0,341.25,5005.5
surgery_cases/7e1df0027dd7ff4fdd919e671c885bff0b4e23ad5709fd07ae2dfa3ec6ee173b,1.0,45356.25,0.0,0.0,1.0,0.0,0.0,0.0,0.0,1584.75,0.0,0.0
surgery_cases/7e209e0077a7f677e152342b877357f6850f03acd29651c2855729c5cc551f3b,1.0,60182.25,0.0,0.0,2.0,0.0,0.0,0.0,0.0,934.5,0.0,0.0
surgery_cases/7e83fcc5dd220b2491110a9c72500dfd8c2299a8a586b4fb1e8e65c8903c79ea,1.0,64474.5,0.0,0.0,0.0,0.0,1.0,0.0,0.0,0.0,0.0,5825.25
surgery_cases/7ec05ab9b84756b760ab04ecb9386fb8bcd09e806d4bee1ee717475bc1017b6d,1.0,53994.0,0.0,0.0,1.0,0.0,0.0,0.0,0.0,818.25,0.0,0.0
surgery_cases/7ec4133845969a47538a08f3c8e8f0a61d415a226cf476dbeb65e009c192bbb6,1.0,53215.504229187965,0.0,0.0,1.0,1.0,0.0,0.0,0.0,678.0000538825989,416.25003308057785,0.0
surgery_cases/7ee71e156770174d2d71ec67fcfb7bf21df969959d2dfa98ac573a2205fabf7c,1.0,166236.0,0.0,0.0,1.0,0.0,0.0,0.0,0.0,420.75,0.0,0.0
surgery_cases/7f2e65017837227403750eb4f9d5a8a80055a50f761acfd2310e83d194a7821b,1.0,48813.0,0.0,0.0,0.0,1.0,2.0,0.0,0.0,0.0,137.25,6141.75
surgery_cases/7f3f47d7547b5c106985fd2e79c183ef5f54b82f337866639166b88adc0a01b7,1.0,47865.75,0.0,0.0,1.0,0.0,1.0,0.0,0.0,1197.0,0.0,3044.25
surgery_cases/7fc5be79ea01ccef63998e3675b78b2b90e600f107531a2ebbcb69d04e362aa0,1.0,50391.75,0.0,0.0,0.0,1.0,1.0,0.0,0.0,0.0,1657.5,973.5
surgery_cases/803c0efa8c0a730af3c37828878d4ab983f8175e5223e435e3fcf518abb0f291,1.0,65340.0,0.0,0.0,2.0,1.0,0.0,0.0,0.0,1254.0,843.75,0.0
surgery_cases/80668efd895847515a86548a96734883b74610cc892e57718605849c6cfa380c,1.0,65214.0,0.0,0.0,0.0,1.0,0.0,0.0,0.0,0.0,95.25,0.0
surgery_cases/809120c8401eae3051d4a7b3c4d39be3954feb7db7f31f8fa0b4f7dec563ded7,1.0,40876.5,0.0,0.0,1.0,3.0,0.0,0.0,0.0,119.25,1724.25,0.0
surgery_cases/80c01c80899b78ef681dc1a0836427a1bf3779cc47ef18826bde385264d09a90,1.0,65576.25,0.0,0.0,1.0,0.0,0.0,0.0,0.0,2684.25,0.0,0.0
surgery_cases/80e607910f73583f7f2847af2466239b13df1f2addb694769fc76ea6854eaa5d,1.0,35955.0,0.0,0.0,0.0,0.0,1.0,0.0,0.0,0.0,0.0,1907.25
surgery_cases/8149a1f17d07de5b823dfdea15721339bba72cf05fb4087529fe8c5021b9e1a2,1.0,54736.5,0.0,0.0,0.0,3.0,0.0,0.0,0.0,0.0,925.5,0.0
surgery_cases/820a0273e22a3f587671b7f48a9ea48f43bb3b4e10cbc78514e8981f297156a3,1.0,34498.5,0.0,0.0,2.0,0.0,2.0,0.0,0.0,945.0,0.0,1966.5
surgery_cases/821df6a5992c1adb69facf423a8e971504b276d0f8ffb3d07f26bb2b7db4dcba,1.0,77432.55189347267,0.0,0.0,0.0,1.0,1.0,0.0,0.0,0.0,247.6500060558319,2244.450054883957
surgery_cases/824661c29d1f604b395ef077eff4ccb5fa1c170d0ded44d8b86845b49c49bb74,1.0,46568.25,0.0,0.0,1.0,2.0,0.0,0.0,0.0,618.0,609.0,0.0
surgery_cases/82a48c77e199931746a1b4a5d55568d42d8ceba5792423a47fe89b1be3f0d079,1.0,136842.0,0.0,0.0,1.0,0.0,0.0,0.0,0.0,549.0,0.0,0.0
surgery_cases/82d3efb95f0934f98a59b7871a23e8850f54f93c5416c82d0a209fdbc8ea520b,1.0,66771.0,0.0,0.0,0.0,2.0,0.0,0.0,0.0,0.0,234.0,0.0
surgery_cases/83bed1a60cd8f259e96aba611616a42ca42951e317b308203c8912d3141c512d,1.0,81393.0,0.0,0.0,0.0,0.0,1.0,0.0,0.0,0.0,0.0,2871.0
surgery_cases/83f7ed2586591b52c4b7a41e23926bc6062c079622128044df066bbdbf79af7d,1.0,114255.0,0.0,0.0,2.0,0.0,0.0,0.0,0.0,1044.0,0.0,0.0
surgery_cases/846eb07b6aa16583924bef2a361a79cc900cd4c5221731c655ec0f5ac7fd9004,1.0,94224.0,0.0,0.0,0.0,2.0,0.0,0.0,0.0,0.0,1131.0,0.0
surgery_cases/847555e56d3e16f6387bf4628759150d0c6fc9f93378e5fd4e8c2e433d1b99ed,1.0,63559.5,0.0,0.0,0.0,2.0,0.0,0.0,0.0,0.0,785.25,0.0
surgery_cases/84a357e93e449df5ea43c5e6538704bb3d81a80b9c8ef782ad7cf60d03497820,1.0,27738.0,0.0,0.0,0.0,0.0,1.0,0.0,0.0,0.0,0.0,7239.75
surgery_cases/84e2418f37c4766f819a3492cb541b026b295d51973a7767a17353d8a94ccf1e,1.0,38631.75,0.0,0.0,1.0,1.0,1.0,0.0,0.0,222.0,340.5,4741.5
surgery_cases/84ec2b682a414f76c86cfd6b945bf75f6ce4ec223e2b6535c51865774bd4fa51,1.0,83256.75,0.0,0.0,0.0,2.0,0.0,0.0,0.0,0.0,1369.5,0.0
surgery_cases/84f1ecaea314c1925604dc9a219a5f1419ca18c71fb555a1d54a53a912d48711,1.0,30483.0,0.0,0.0,0.0,2.0,0.0,0.0,0.0,0.0,981.75,0.0
surgery_cases/87078e0eb612ea37e241a7cb73745b1a7ad394b660edf055dcc5748f9d9ebe19,1.0,38438.25,0.0,0.0,1.0,1.0,1.0,0.0,0.0,348.0,839.25,2561.25
surgery_cases/8784d597517dcd1931af56aaaedae0cc92c35d2bc479f23ba679d4454c8ee7ce,1.0,48909.0,0.0,0.0,1.0,0.0,1.0,0.0,0.0,284.25,0.0,2053.5
surgery_cases/87a79228667298e868fda5f25a055fbd63ef6b42f0637671052b2f6524c69e88,1.0,39871.5,0.0,0.0,1.0,0.0,1.0,0.0,0.0,690.0,0.0,5468.25
surgery_cases/8807e46aa71c5d3cefb94cd547694df2b2858860d87cdeef64e3e700b465bfbe,1.0,30783.75,0.0,0.0,0.0,1.0,1.0,0.0,0.0,0.0,507.75,3121.5
surgery_cases/88258b7e08d57456f490107da06d263b39d0d449d36795c6b5ebc9e689f95005,1.0,66103.5,0.0,0.0,0.0,1.0,1.0,0.0,0.0,0.0,269.25,1197.75
surgery_cases/88bbefbf29422278827f4526017783bc08e696105e8b78083b88893431e8547c,1.0,31338.0,0.0,0.0,0.0,0.0,1.0,0.0,0.0,0.0,0.0,2236.5
surgery_cases/88c6e836a9269ff6caba8fb9feb4a0df0d2c1852817e0a1d7cc71a8baaeef4be,1.0,49528.5,0.0,0.0,1.0,0.0,0.0,0.0,0.0,739.5,0.0,0.0
surgery_cases/891071b2b8fc2e4a2e693ab5449f8c78b00b72fe3e75df1683a5c36b5bd97c37,1.0,79250.25,0.0,0.0,0.0,0.0,1.0,0.0,0.0,0.0,0.0,2321.25
surgery_cases/8945b9bbd468f79c3d4dd4988df71dfa36f0b69bb91f5c1039ecffcdbf2c2f1d,1.0,50649.75,0.0,0.0,0.0,0.0,1.0,0.0,0.0,0.0,0.0,4146.75
surgery_cases/89659f32fbe163dc0b1225760974a29a8ae39de7632898e8f844725d8244a966,1.0,37641.75,0.0,0.0,1.0,0.0,1.0,0.0,0.0,204.0,0.0,1214.25
surgery_cases/89b8d0932a63afcc8c041ed01e7fa2dd5874f02711e7ce95f24fc3f60dc93a76,1.0,29310.0,0.0,0.0,0.0,1.0,1.0,0.0,0.0,0.0,273.75,3118.5
surgery_cases/8a9af734bb7590aae5d17ffcf3f9187562829bb45fd9ff75ff211916329316e6,1.0,40263.75,0.0,0.0,1.0,0.0,1.0,0.0,0.0,431.25,0.0,1854.0
surgery_cases/8b87b1c3cdfb8a42824a448cc4e7b6bfd22cf255a188aa5f1fadf3e28489b6b7,1.0,34170.75,0.0,0.0,0.0,0.0,1.0,0.0,0.0,0.0,0.0,901.5
surgery_cases/8bd42961ed7723e4d51e58cede9143ed41e11d591cec710a4c95661e6d27ffc3,1.0,44589.75,0.0,0.0,0.0,0.0,1.0,0.0,0.0,0.0,0.0,5477.25
surgery_cases/8c2e1d6ae07970e89512f343d0c39422c7f4744f1b89872b1c8356f1cc09c7ab,1.0,31083.75,0.0,0.0,1.0,1.0,1.0,0.0,0.0,56.25,130.5,3867.0
surgery_cases/8c6dc74484eed7cbf5b5cb0f924a20b79de0136127979bbe708678bd0e3617c0,1.0,45523.48191058636,0.0,0.0,1.0,1.0,0.0,0.0,0.0,1086.7495681643486,947.999623298645,0.0
surgery_cases/8cb7ce196f727d41845d7293e2b4993a1fc2430500eae15b91e425c68f22882b,1.0,65778.0,0.0,0.0,1.0,1.0,0.0,0.0,0.0,474.0,1005.75,0.0
surgery_cases/8d1d20dd6c00899534ff364a3b21e02c395eed0d9507baab4036e031269232a7,1.0,65043.0,0.0,0.0,0.0,1.0,0.0,0.0,0.0,0.0,891.0,0.0
surgery_cases/8d8ec81272ad6e7a4647d19b73fb22d18930729abbb48653dd718f5c6212f9f5,1.0,63142.5,0.0,0.0,1.0,0.0,1.0,0.0,0.0,382.5,0.0,2173.5
surgery_cases/8d9920ff4bf890c77442b8eaa3c64a94a00fe3d8c1fdb4cebde3a5cc5af5ea73,1.0,46843.5,0.0,0.0,1.0,2.0,0.0,0.0,0.0,576.0,3237.0,0.0
surgery_cases/8dab0c080cd4e0fa0181493b51ea7ca2887a9f7dd0b694bdf85549c1978a6aa9,1.0,62191.69292163849,0.0,0.0,0.0,2.0,0.0,0.0,0.0,0.0,2093.9613679647446,0.0
surgery_cases/8e0959a7eacc069a22066c3f23295f7806c36417a28003cbda5eaca4a2e30299,1.0,35757.75,0.0,0.0,1.0,2.0,0.0,0.0,0.0,663.0,1306.5,0.0
surgery_cases/8e2f1f2625e76666606b4eba2e75e5d310231f731808fddd0c3c62632a6f3de8,1.0,63675.0,0.0,0.0,0.0,1.0,0.0,0.0,0.0,0.0,855.0,0.0
surgery_cases/8f21a1ee677f887e6909332ea1d5b63d440b397c92e8e47103e2396f6e8d6c86,1.0,48005.25,0.0,0.0,0.0,0.0,2.0,0.0,0.0,0.0,0.0,3749.25
surgery_cases/8f3bd58014fa3221a184ae5897df6205ae309b2aa06268a47cfff82e3997eafb,1.0,44383.5,0.0,0.0,1.0,0.0,1.0,0.0,0.0,884.25,0.0,1387.5
surgery_cases/9005efa1005f461776251a4d9d8bb34237de50d5efa2c2fc626d66037ccf74bf,1.0,44841.0,0.0,0.0,3.0,0.0,0.0,0.0,0.0,1656.75,0.0,0.0
surgery_cases/904cbb1b3494aa1288ec9714c915c206935973bdcd97d48fd0a00c5aa6ecd0ef,2.0,226528.5,0.0,0.0,0.0,1.0,0.0,0.0,0.0,0.0,191.25,0.0
surgery_cases/906600d3ad96ab2f6316e1bcfc56d9eb6fd438da58f42dab2bd5457593a79844,1.0,45643.5,0.0,0.0,0.0,0.0,1.0,0.0,0.0,0.0,0.0,10158.0
surgery_cases/90994ad6df0b7384d244df9bb5487ab6bf8245a6604945179153a5ad7dc81013,1.0,53612.24573928118,0.0,0.0,1.0,3.0,1.0,0.0,0.0,632.9999496936798,400.4999681711197,692.2499449849129
surgery_cases/90d0e6dd5c4cb32a777085849340b7e1c12e607824223e56cc8d83057d686e14,1.0,29970.0,0.0,0.0,0.0,0.0,1.0,0.0,0.0,0.0,0.0,943.5
surgery_cases/910f7fb7951cfad79921455c1ca410b5ccc55fa82d9416c0375e988af3e4e01c,1.0,40776.75,0.0,0.0,0.0,1.0,1.0,0.0,0.0,0.0,982.5,4179.75
surgery_cases/918c0129a44e6eca937cbaf51261de351d5cb20a660082d312a6615462575cf8,1.0,41893.5,0.0,0.0,2.0,2.0,1.0,0.0,0.0,1515.75,1254.0,1261.5
surgery_cases/919c4d4bc525b3ba1ff8f08868ea55d9ba9f20b4f1500f1bf3fc04d3f4b31756,1.0,36556.5,0.0,0.0,3.0,0.0,0.0,0.0,0.0,4231.5,0.0,0.0
surgery_cases/91d8d0585c49921613435c914012269ced9b6cbc55a81c6268b64c8111aa8022,1.0,91598.25,0.0,0.0,0.0,4.0,1.0,0.0,0.0,0.0,7021.5,3353.25
surgery_cases/91f7305469da8ba0a01c688d7e4b02dacf3dc631a298df5b6e156b91da0a2bca,1.0,50857.5,0.0,0.0,0.0,0.0,1.0,0.0,0.0,0.0,0.0,2599.5
surgery_cases/922edc072723d0b660888264f7ef9d6c2a5c5f58d86fcee48fe1fb0bc99d2cba,1.0,59415.75,0.0,0.0,1.0,3.0,0.0,0.0,0.0,252.75,499.5,0.0
surgery_cases/9256ecf2254b49a80c3f0ab0b52f51e91d7dcd327de34c2692fb3d6ef87e1cac,1.0,42660.75,0.0,0.0,2.0,0.0,0.0,0.0,0.0,1289.25,0.0,0.0
surgery_cases/92af5fbde34c36b409e8d67f5cf59d8b405d00d8a2a3c5254e5a7dad551028d5,1.0,90224.25,0.0,0.0,0.0,0.0,1.0,0.0,0.0,0.0,0.0,3889.5
surgery_cases/9321fe7c2c017e2a26e2503d0c5d56a6ba3c1da7d560e41767522f7ddd7739ef,2.0,101968.5,0.0,0.0,1.0,2.0,0.0,0.0,0.0,381.75,1085.25,0.0
surgery_cases/939f7f6efe5bd9dcd41a5ba780ec46ccd5358087228a28f41d3cd07488c40d5f,1.0,53131.5,0.0,0.0,0.0,0.0,1.0,0.0,0.0,0.0,0.0,1153.5
surgery_cases/93dcb72973e0618e2d15924b700a7e5ac86a378cf311a005aef94ad168687514,1.0,31877.25,0.0,0.0,2.0,0.0,0.0,0.0,0.0,686.25,0.0,0.0
surgery_cases/93fcf77c9e054e6df9402aae3413a387d1d2b337bd4b2a18ff4a5d4179e4685e,1.0,53962.5,0.0,0.0,0.0,0.0,2.0,0.0,0.0,0.0,0.0,5095.5
surgery_cases/940e6ca8196780b1d6bac61b81dd56ae0c802c6fceebe2b8257a4f9830d64d27,1.0,52728.0,0.0,0.0,1.0,1.0,1.0,0.0,0.0,415.5,725.25,2159.25
surgery_cases/94b404c6ced6fab50f1c682a2de25b53d32fcc9169e4d0de5980fb363226b19d,1.0,171957.0,0.0,0.0,2.0,1.0,0.0,0.0,0.0,3177.0,1236.0,0.0
surgery_cases/94f6127a97ce448039ab30f539fa3013da60ac638f888a9ce7e5bedc98fdfe02,1.0,50040.75,0.0,0.0,0.0,0.0,1.0,0.0,0.0,0.0,0.0,12417.0
surgery_cases/9518d6bad6dcaa5ce6c087ce4d637af017093a49f2b13d3554f26e00dea5f8f9,1.0,56107.5,0.0,0.0,1.0,2.0,2.0,0.0,0.0,273.75,284.25,4642.5
surgery_cases/95284362021fba88bb344f3edabc274e77912d023d271917e23cb60012798557,1.0,43176.0,0.0,0.0,0.0,0.0,1.0,0.0,0.0,0.0,0.0,3998.25
surgery_cases/953c8a9279f9a52068a49722ff06d4d5b5cdc4452c2820f3831476023793253d,1.0,27318.0,0.0,0.0,2.0,1.0,0.0,0.0,0.0,1137.0,729.75,0.0
surgery_cases/959971469085944fc88e0f13231ca26d446f1bf6df03659189977a044d2c04ff,1.0,52079.25,0.0,0.0,1.0,2.0,1.0,0.0,0.0,925.5,1333.5,1131.0
surgery_cases/95b58370df601cd33dba64e49340ef4d558ad38e378d3135cf1ac9835bfbf5c7,1.0,57972.25,0.0,0.0,0.0,2.0,0.0,0.0,0.0,0.0,1372.0,0.0
surgery_cases/95db3fbad9c8bac17a6e3c2d157847d8a11caf0063d0c9622a7f86173d060ccc,1.0,62654.24502068758,0.0,0.0,2.0,0.0,2.0,0.0,0.0,377.99996995925903,0.0,5319.749577224255
surgery_cases/9691f01a333bf1fdca178791f466e1c10660321eb14a4ed73642bf6e9af2bb7b,1.0,67309.5,0.0,0.0,0.0,2.0,0.0,0.0,0.0,0.0,1374.75,0.0
surgery_cases/96a9cf01c6a6bbad56103a4c948e9b8cd29949a1950b23fa438e461bd442cee4,1.0,164498.25,0.0,0.0,0.0,0.0,1.0,0.0,0.0,0.0,0.0,3960.75
surgery_cases/96af49ba4f11a35650c682cd0b5e53e9a5145a7100a6e489bacc4f2a7f303b63,1.0,67673.25,0.0,0.0,1.0,0.0,1.0,0.0,0.0,712.5,0.0,1995.0
surgery_cases/96f8d3d29abf86414a7db890a5e119c58dec71a2d0fc27245ab355ca6744b4ef,1.0,61152.0,0.0,0.0,0.0,1.0,1.0,0.0,0.0,0.0,960.0,3555.75
surgery_cases/9711c5fbf9f4b82a00c64c94f5d404e6014579e293b9ca68e2f2d89291fc7e1e,1.0,28001.25,0.0,0.0,0.0,0.0,1.0,0.0,0.0,0.0,0.0,31407.75
surgery_cases/9717330260e495143dd08b60a39780c57700268a661a12723534f01a648bd863,1.0,49966.691198945045,0.0,0.0,0.0,2.0,1.0,0.0,0.0,0.0,874.121784567833,1778.8684564828873
surgery_cases/974cdd2a84f302de2484adb3ab44eaebb22762af3daddff0918ab1f590429f2b,1.0,50502.00401353836,0.0,0.0,0.0,0.0,1.0,0.0,0.0,0.0,0.0,986.2500783801079
surgery_cases/974eaff91725919ccbfddf2e247deea2b9195b35cd4a30da4c4e9ab2b624ab66,1.0,92349.75,0.0,0.0,3.0,0.0,0.0,0.0,0.0,699.75,0.0,0.0
surgery_cases/9768d68a9f2d4a6cfba860874e362cb4735d1b93fc709528560c95fe2512a875,1.0,40183.5,0.0,0.0,0.0,2.0,0.0,0.0,0.0,0.0,900.75,0.0
surgery_cases/97ad246a1767f8837dd811900d94e1e61a227b216da711b41759ede06ac43538,1.0,38697.75,0.0,0.0,0.0,2.0,1.0,0.0,0.0,0.0,1936.5,1684.5
surgery_cases/97af0d7e10a582218dba01354abc2c91bc7607a0afe843d1d1b63280727581c8,1.0,32598.752590715885,0.0,0.0,0.0,0.0,1.0,0.0,0.0,0.0,0.0,1980.7501574158669
surgery_cases/97f168d96775e3955e4e41e7e972ca9b99f0aafe36bbaa227f3f2bf9dafb6ed5,1.0,32315.25,0.0,0.0,1.0,1.0,0.0,0.0,0.0,702.0,528.75,0.0
surgery_cases/9841c43d4f4f00a60cbbf55f45d1d3e384fe97397e7da8cfe7b96aff5b60eacd,1.0,60088.5,0.0,0.0,1.0,1.0,0.0,0.0,0.0,645.0,574.5,0.0
surgery_cases/98807755d8b8ad82499c053e429ed3867e4843bfcc5350900bd0dd3aaec29fba,1.0,34313.25,0.0,0.0,0.0,1.0,1.0,0.0,0.0,0.0,96.0,2154.0
surgery_cases/990b996d573c7b4aef9101b5feb3f08885ae6fb4f35072043e2c89f0658dfc5f,1.0,35854.5,0.0,0.0,0.0,3.0,0.0,0.0,0.0,0.0,2670.0,0.0
surgery_cases/994112b4af2667b4ec50d0a9e86b41e00c03f4021b95b8fff842f058b519c3b0,1.0,51469.5,0.0,0.0,2.0,1.0,0.0,0.0,0.0,2381.25,579.75,0.0
surgery_cases/996c0b5cc1a692c68ae82791feb81b9341dced82c6715ccae6ce607eb62f0700,1.0,52363.5,0.0,0.0,0.0,1.0,1.0,0.0,0.0,0.0,51.75,5252.25
surgery_cases/99dfb98eac3cc30308e4afc04c4d5baa1d231a94312f5590ad1cc397c9766575,1.0,24062.25,0.0,0.0,1.0,0.0,0.0,0.0,0.0,396.0,0.0,0.0
surgery_cases/9a0fcac00e8e9c20bb903f3bbdcf60a20c79f3d6bda39858205c0c3c22f8ff75,1.0,10755.75,0.0,0.0,0.0,0.0,1.0,0.0,0.0,0.0,0.0,47535.0
surgery_cases/9b109bbc3a6a61828a8f3fac3b2653030bbc24324d0535f7db126ad9f93f6b69,1.0,46343.25,0.0,0.0,1.0,2.0,0.0,0.0,0.0,96.75,1322.25,0.0
surgery_cases/9b17f45521bc0d8fb5b404201f77c568c0923a582dba9e01bcb02f56798c22b2,1.0,28587.0,0.0,0.0,1.0,1.0,0.0,0.0,0.0,563.25,1318.5,0.0
surgery_cases/9b35902ad688e6b7c7cd237fc24f47aaa667174f91f239c9fb27cf508c7fe218,1.0,52687.5,0.0,0.0,1.0,0.0,1.0,0.0,0.0,960.75,0.0,1862.25
surgery_cases/9b94edc455d5d23ce462693e5ef93543555f287518743ef534a8277a42adba90,1.0,36644.25,0.0,0.0,2.0,1.0,0.0,0.0,0.0,338.25,354.0,0.0
surgery_cases/9bff4eb1ec91163c40a5367b9b452963b832efc6405b136c311c28e805fe5997,1.0,39606.0,0.0,0.0,1.0,2.0,0.0,0.0,0.0,306.0,1291.5,0.0
surgery_cases/9c07db7e8ee9f93457b0ec6bc2c98f4252810818a4a63bf92150e77f57867623,1.0,79600.5,0.0,0.0,0.0,1.0,0.0,0.0,0.0,0.0,268.5,0.0
surgery_cases/9c2e8486069a68726fa8b090960e467ff3a342291c931991a7bb78faec33a87d,1.0,43854.75,0.0,0.0,1.0,0.0,0.0,0.0,0.0,1225.5,0.0,0.0
surgery_cases/9c3cfa2f7f6d7d422f5b6e2df9ae1ed379f5124d40b7eaa7f376bb8291d95211,1.0,62137.5,0.0,0.0,1.0,1.0,1.0,0.0,0.0,683.25,390.0,1808.25
surgery_cases/9d46b18c62ed0a7d5c0fa61a00de61e3e5da8758d5bd4547298b68e1deb0f5ad,1.0,34273.5,0.0,0.0,0.0,0.0,1.0,0.0,0.0,0.0,0.0,2288.25
surgery_cases/9d52a2ec581d1eb261815b593aad14cdc6f200ab664d2ba5eb24e8a9426eaf8a,1.0,44596.5,0.0,0.0,0.0,1.0,1.0,0.0,0.0,0.0,513.75,5083.5
surgery_cases/9d96168821d5b4829fa642fe33d3582ee652bfe6bb76faecfa4a3bba611111e8,1.0,91289.25,0.0,0.0,0.0,3.0,0.0,0.0,0.0,0.0,936.0,0.0
surgery_cases/9dbab2e1b042595832a9da212b02927c90671a0c62d9defdbacdac4b87b46995,1.0,47759.25,0.0,0.0,0.0,1.0,1.0,0.0,0.0,0.0,918.0,3750.75
surgery_cases/9deb80bbecc5922fcedb9383ca9bdbe426240ec6e433d36922a681a1541e70ef,1.0,32509.5,0.0,0.0,0.0,0.0,1.0,0.0,0.0,0.0,0.0,5890.5
surgery_cases/9e16457a91d8f391a792818da991cba113c35e5b36f8546bb2e82a664c7698e2,1.0,37763.25,0.0,0.0,0.0,0.0,1.0,0.0,0.0,0.0,0.0,1478.25
surgery_cases/9e3917dadcf2b60e85bf17aacdcc36ccc889be7f4d77bcdc16d264513155efbf,1.0,47154.75,0.0,0.0,0.0,0.0,1.0,0.0,0.0,0.0,0.0,2325.0
surgery_cases/9e69e196c1175dc1e03becdd158e80bd2045bc9b6ac68051d0ba32e0aca24e35,3.0,540740.25,0.0,0.0,1.0,0.0,0.0,0.0,0.0,1188.75,0.0,0.0
surgery_cases/9e6dc634d473eb2b71f01c062d69c4cfa3880a23b8b334893723cb969d59755c,1.0,64018.5,0.0,0.0,1.0,0.0,0.0,0.0,0.0,648.75,0.0,0.0
surgery_cases/9e980ac90dd3f151a73a739856bc112d3d55a9e20741a64954c25b2fdd8c8a89,1.0,83464.0625,0.0,0.0,0.0,1.0,1.0,0.0,0.0,0.0,182.03125,3931.25
surgery_cases/9eb1955feb958c5ea00ff5a06aa3a2ab0010a957d7dc6a9acdf9234b33f171fd,1.0,59890.5,0.0,0.0,2.0,1.0,0.0,0.0,0.0,1369.5,235.5,0.0
surgery_cases/9ee7fc05e4bf87bb929c6fa3281472ab72beec85db63a6e8fa1c2d9ff6ae5aef,1.0,27144.0,0.0,0.0,0.0,0.0,1.0,0.0,0.0,0.0,0.0,7773.75
surgery_cases/9f2e2cc6d450cd0605b28ddcdbdec2ca128417577fec74a2a2344a543f9cff9c,1.0,40491.75,0.0,0.0,1.0,0.0,1.0,0.0,0.0,556.5,0.0,1110.0
surgery_cases/9ff506ba978bfab612440e7f5f0f5c36655fab12a04db6205794fe63e1f90427,1.0,62308.5,0.0,0.0,0.0,1.0,1.0,0.0,0.0,0.0,1965.75,11982.75
surgery_cases/a07cd90d01657a6888ce39a85e7cc11cad58eb49bf3abd43ef035f0a6100f282,1.0,44436.75,0.0,0.0,0.0,0.0,1.0,0.0,0.0,0.0,0.0,2261.25
surgery_cases/a156778b5b9e2a7b9d3054a977c82d0027171929735f1ad3c7305fe619e14a7f,1.0,44729.25,0.0,0.0,0.0,0.0,1.0,0.0,0.0,0.0,0.0,1241.25
surgery_cases/a15ff26f0741bb1c7ddacfc97528a02354ec3c5b4b6f8efcd8e06de408d15079,1.0,33789.75,0.0,0.0,0.0,1.0,0.0,0.0,0.0,0.0,530.25,0.0
surgery_cases/a1959cce2c4d87c7c0b02d4f5be509691cbe7d02c5ca4bba3f003c11691f53d4,1.0,106845.0,0.0,0.0,3.0,1.0,0.0,0.0,0.0,1964.25,133.5,0.0
surgery_cases/a1b1f6b5fe5a891fad1a2ba744f91eea32c14a5d65059a23f5e9603451e7665c,1.0,53571.0,0.0,0.0,0.0,1.0,1.0,0.0,0.0,0.0,74.25,4745.25
surgery_cases/a1e67c5cef7b88002c3adcf59ea7c439fe78cce03972a8f0e560d9bf55e0f25c,1.0,55772.09852254391,0.0,0.0,0.0,1.0,0.0,0.0,0.0,0.0,2303.9999389648438,0.0
surgery_cases/a2589930e57e973f7c4850f542734a05e518d400a9f5e5c65703dd7fe170360b,1.0,148581.0,0.0,0.0,0.0,1.0,1.0,0.0,0.0,0.0,321.75,2408.25
surgery_cases/a346a12ac670d262d5a602dbd963ad9e95d84e043fcd3789a9de628fce7e8129,1.0,57651.0,0.0,0.0,0.0,1.0,2.0,0.0,0.0,0.0,1398.75,3208.5
surgery_cases/a4143316faf0b72b291efe8d6c6f45b30ead6ade9b1963f52526e3a60f903655,1.0,46794.75,0.0,0.0,0.0,0.0,1.0,0.0,0.0,0.0,0.0,1581.75
surgery_cases/a5e4be77fc2336d16b759b69e8e7d012c2345ead56f4d51057130f6bcfcf4e8f,1.0,36366.0,0.0,0.0,0.0,0.0,1.0,0.0,0.0,0.0,0.0,2947.5
surgery_cases/a5edf5940ba0fc74d0f511c7aa3989959e51810607d963c2918413553d6a0d15,1.0,98435.25,0.0,0.0,2.0,0.0,0.0,0.0,0.0,1907.25,0.0,0.0
surgery_cases/a62385fae6c22b23818fbc660bee14d0c71a20ed2ddd57126733eb3ab4b9d33c,1.0,41361.75,0.0,0.0,0.0,1.0,1.0,0.0,0.0,0.0,1169.25,5085.0
surgery_cases/a6ec38c49209480fb9829a12d280a6b22d08373947ebebee0312e1b53487b895,1.0,36273.0,0.0,0.0,0.0,0.0,1.0,0.0,0.0,0.0,0.0,2337.75
surgery_cases/a711813105e19e394bfb9d1365e6f1f78cca2bef14b974ac43b5abfeb12cbe7b,1.0,50704.5,0.0,0.0,0.0,0.0,2.0,0.0,0.0,0.0,0.0,5518.5
surgery_cases/a7539dab6b894694cb698e1662d513e1cea330e9bd86a7744f781027d763b3de,1.0,111827.25,0.0,0.0,1.0,0.0,1.0,0.0,0.0,1854.75,0.0,1949.25
surgery_cases/a77560387de7199ea9f2c846a803b47fb9ff2bba315f567dbaaf3639a67d7929,1.0,36664.5,0.0,0.0,0.0,0.0,1.0,0.0,0.0,0.0,0.0,864.0
surgery_cases/a7d2296144b56ce7bf8e8d30bab4970866b0219cd1337d61485072bcb84b0a03,1.0,41267.25,0.0,0.0,1.0,0.0,0.0,0.0,0.0,363.75,0.0,0.0
surgery_cases/a8facb496df15528a048b24ae6761f1a4ca650b3b3b76fd5d81bf4ad06969207,2.0,186984.75,0.0,0.0,0.0,1.0,2.0,0.0,0.0,0.0,826.5,2403.0
surgery_cases/a8fdf3fa3c949b874602c0aa881642553fc965eced91527bb97d4d4242319b0f,1.0,68511.75,0.0,0.0,2.0,0.0,0.0,0.0,0.0,850.5,0.0,0.0
surgery_cases/a9fa72dbbd03bea9b2455a5a24eba597b9757d33b4307c0564f92a4ab683bf32,2.0,75003.75,0.0,0.0,0.0,0.0,2.0,0.0,0.0,0.0,0.0,7032.0
surgery_cases/aa1fbd0c015bde195bc0b5ae643fd4834c888ea02ccb89e7540713922dc0d237,1.0,35949.75,0.0,0.0,0.0,0.0,1.0,0.0,0.0,0.0,0.0,3159.75
surgery_cases/aa916d9479a69a4cb2997166aba88831578dc6ed6fe96b1da935047d95d6a833,1.0,32724.0,0.0,0.0,0.0,1.0,1.0,0.0,0.0,0.0,573.0,2395.5
surgery_cases/ab6d6782bfd24f0fab0ed8fd3c325631a9b0e5a431d7bf689899a2dc40821612,1.0,70946.25,0.0,0.0,0.0,0.0,1.0,0.0,0.0,0.0,0.0,2196.75
surgery_cases/abe498561462a3dafb30af442cd09a6660b05ec5ab4d1aa210302c94e5cd3cc6,1.0,35587.5,0.0,0.0,0.0,1.0,1.0,0.0,0.0,0.0,109.5,1068.75
surgery_cases/ac53449a210416460680a8717c9e15dfc13d3880d60efd92d3509f6df75627be,1.0,40845.75,0.0,0.0,1.0,0.0,1.0,0.0,0.0,861.0,0.0,3832.5
surgery_cases/acc2fe85272cb87e549898a7b774177a59a87cfa2d3209216ed9a570dcba2912,1.0,48879.75,0.0,0.0,0.0,1.0,0.0,0.0,0.0,0.0,1448.25,0.0
surgery_cases/ada755eebc24a87b0c46802a8322b4f64a22e5cc59f453f67c832b8df5b740e9,1.0,45021.75,0.0,0.0,0.0,2.0,0.0,0.0,0.0,0.0,598.5,0.0
surgery_cases/add0aea16b95d8e4502b52045535acaaa6543eabafde31f1b5b8694da3c8413e,1.0,120426.0,0.0,0.0,1.0,0.0,0.0,0.0,0.0,196.5,0.0,0.0
surgery_cases/adeb19f847da7f249dfb31460c8174d161f72cf16501ed18a39b21372f69b521,1.0,67680.00537872314,0.0,0.0,0.0,1.0,1.0,0.0,0.0,0.0,1402.5001114606857,2562.750203669071
surgery_cases/ae6e74dc1f1beb9a76e47ed6df791a9a91063453bd99a948f1c0fd0522c1d33d,1.0,54272.25,0.0,0.0,0.0,1.0,0.0,0.0,0.0,0.0,4940.25,0.0
surgery_cases/ae7a5bc5cb4ab1d788054d82809643016bed85bf90334c6fbe338d77f1aec75d,1.0,40652.25,0.0,0.0,0.0,0.0,1.0,0.0,0.0,0.0,0.0,3445.5
surgery_cases/af24f006458f777002a365d4020ebd65728fd705b5ce8000b0a0fb88440669ff,1.0,27496.5,0.0,0.0,0.0,0.0,1.0,0.0,0.0,0.0,0.0,2312.25
surgery_cases/afd209be1d1acd1b85876b16c44e255f07ea4ef03645064f5db763df6193d068,1.0,80424.75,0.0,0.0,0.0,1.0,0.0,0.0,0.0,0.0,333.75,0.0
surgery_cases/b037a964795c72b7f86e0eaf7771be24da4016fc120a21451732b8ffbc1c5476,1.0,45905.25,0.0,0.0,0.0,0.0,1.0,0.0,0.0,0.0,0.0,2928.0
surgery_cases/b06694e605138d6e4862bfb8ba37094efa6e6111e966f3b04e605888b0bdeb49,1.0,63471.75,0.0,0.0,1.0,1.0,1.0,0.0,0.0,294.0,213.75,709.5
surgery_cases/b08e617fda8bc539b30467e5536e913cfd927a9c583851598b261b3409a488ec,1.0,29466.75,0.0,0.0,0.0,1.0,1.0,0.0,0.0,0.0,1328.25,3435.0
surgery_cases/b0febf0b6e120777828e6996317887cf10731c24179d6425e4c7fbdb26ea15cc,1.0,37979.25,0.0,0.0,0.0,1.0,1.0,0.0,0.0,0.0,458.25,5289.0
surgery_cases/b10dbc7b29064c0b6b74627150aeb3b93bc5b46b94b6d09378397d63c7bc2049,1.0,52240.5,0.0,0.0,0.0,1.0,1.0,0.0,0.0,0.0,537.0,3589.5
surgery_cases/b1481c1b6d72a73ce647d50a15b2ca5598fac5ad60473d15a7d7d283f0fb577a,1.0,43530.75,0.0,0.0,0.0,1.0,0.0,0.0,0.0,0.0,1013.25,0.0
surgery_cases/b19949cfffecc6fd69d9b50ee2cacf4ae72e124e7e74634b640420c2c4b79d10,1.0,49326.75,0.0,0.0,1.0,1.0,0.0,0.0,0.0,145.5,171.0,0.0
surgery_cases/b1a0e08d1955b5b29730e393f395c0cc719ebc7dc6a1d4dd09810a481f1978ff,1.0,90105.75,0.0,0.0,0.0,4.0,0.0,0.0,0.0,0.0,2481.0,0.0
surgery_cases/b2723f81c1c38dbb84d54a79bec39d6c8d42db8c154cbf373b7a1ce4fd8feaed,1.0,43321.5,0.0,0.0,0.0,0.0,1.0,0.0,0.0,0.0,0.0,7898.25
surgery_cases/b3907813f5a5f7ffdb304c388b6a427caa642640aaa3421a6d329cdb032295cb,1.0,37218.0,0.0,0.0,0.0,0.0,1.0,0.0,0.0,0.0,0.0,14613.75
surgery_cases/b3f494bfbfefdda60142db7d7436ac3826fe841f24f31efe36bb32bb697c4c99,1.0,44991.75,0.0,0.0,0.0,1.0,1.0,0.0,0.0,0.0,365.25,2109.0
surgery_cases/b492443a60181fd1c0a4cffff63069fc8a90a87dabbed28242d4de94df8cdd80,1.0,47840.26608341932,0.0,0.0,1.0,0.0,1.0,0.0,0.0,285.7068099975586,0.0,1542.3703570961952
surgery_cases/b541242a430196cc041dcb1e87e761c08ee4eeb528b7c336a2ede553c4d16cc0,1.0,44527.5,0.0,0.0,1.0,0.0,1.0,0.0,0.0,373.5,0.0,2063.25
surgery_cases/b58b3c0da85a69f9ee6af8bf390f75bf920a3ae4578da210f1ad8fcc3cec35a0,1.0,41565.75,0.0,0.0,0.0,0.0,1.0,0.0,0.0,0.0,0.0,14895.0
surgery_cases/b696f48bb40c10df6bfc5b28fdf43d91f8fdd99923dab901ea2f1e711d077e39,1.0,61239.75486689806,0.0,0.0,0.0,1.0,1.0,0.0,0.0,0.0,2386.5001896619797,5169.000410795212
surgery_cases/b6cdc8773387dbb59da6e6c4f88e1e1f28c944d9f9c7cb2b2dfaeb9d2e05b55e,1.0,52330.5,0.0,0.0,0.0,0.0,1.0,0.0,0.0,0.0,0.0,2427.0
surgery_cases/b6e2b3e967843885a3a3c60875954a3f65f1072881a48f486166c79a13e74c27,1.0,49811.99604129791,0.0,0.0,0.0,0.0,1.0,0.0,0.0,0.0,0.0,2660.9997885227203
surgery_cases/b7263a5816e23d796783b0c2286fd82c952f9b3f7b4b9afc29c6baf2cd5d2a10,1.0,115702.5,0.0,0.0,1.0,1.0,0.0,0.0,0.0,1402.5,260.25,0.0
surgery_cases/b7a409ff91eb11c4e05fab43276b47ef7aa23f9f2f22b0c53b55ee9f0c62d826,1.0,28885.5,0.0,0.0,0.0,0.0,1.0,0.0,0.0,0.0,0.0,705.0
surgery_cases/b7ab8b5c8bb54f4d14bf2fe88ad40e761abd5d27c89040575b0b3652c8cb5984,1.0,47878.5,0.0,0.0,1.0,2.0,0.0,0.0,0.0,345.75,1403.25,0.0
surgery_cases/b7ac29885e4dac473a3366475217f2aede93425d55134d0cfb5b31eac6cc77d0,1.0,43963.5,0.0,0.0,2.0,1.0,0.0,0.0,0.0,521.25,2195.25,0.0
surgery_cases/b8242db400a684352746eaac84ca22d983b193c4eb97ef5f2dd060c4d690f3ef,1.0,100464.75,0.0,0.0,0.0,0.0,1.0,0.0,0.0,0.0,0.0,1696.5
surgery_cases/b849d9da4e81fbbf76183b620cda59b72d5a74a55404bbe7d103d61303efb73d,1.0,50998.504052996635,0.0,0.0,0.0,1.0,0.0,0.0,0.0,0.0,428.25003403425217,0.0
surgery_cases/b898522af43cf61a91e07e7bb75e4543b9ffeae05d070598acdf8fe2a294a087,1.0,34215.75,0.0,0.0,0.0,1.0,1.0,0.0,0.0,0.0,346.5,1531.5
surgery_cases/b8e36a9fb9ae51b028649ac0921d46f7e48ecb0466b493014fd53ec76779d9aa,1.0,35965.5,0.0,0.0,0.0,1.0,1.0,0.0,0.0,0.0,754.5,2377.5
surgery_cases/b9335b62da75b3e839259e6820526b25d91551c71dd97a18d0b433891918e53b,1.0,81027.0,0.0,0.0,1.0,0.0,0.0,0.0,0.0,3045.75,0.0,0.0
surgery_cases/b9488580f995ba7d3855a477811e0dac4ab385f2f4d0674b802af92f597b20ca,1.0,50634.75,0.0,0.0,1.0,1.0,0.0,0.0,0.0,423.75,569.25,0.0
surgery_cases/b974ac264ef8876bb51aeb7f6deadab8ef5550566f2ab83625668b4a08c05c40,1.0,53350.5,0.0,0.0,0.0,1.0,1.0,0.0,0.0,0.0,609.75,5236.5
surgery_cases/ba81234018c85a8c87e6f8960674611c94827eb27ac328ec0c1c341101f71853,1.0,98631.75,0.0,0.0,2.0,0.0,0.0,0.0,0.0,482.25,0.0,0.0
surgery_cases/baa9d3925a0f7b0f00b95f9ab7991d5e76125ba12e84cf98e6cbda3f375e4911,1.0,72826.5,0.0,0.0,1.0,0.0,0.0,0.0,0.0,381.0,0.0,0.0
surgery_cases/bb45f02879aad91acceb556996185299c0af8b2dc73d02a18436291f64e36af9,1.0,116943.75,0.0,0.0,0.0,2.0,1.0,0.0,0.0,0.0,2469.75,3957.75
surgery_cases/bb80eac69fa7f6156cdcecdfa11586fcab067b3fb46a741c894603cc51501f7a,1.0,35497.5,0.0,0.0,2.0,0.0,0.0,0.0,0.0,1878.75,0.0,0.0
surgery_cases/bbdf9c53bb11770bdd59bd457afb5ac956ad567a58fb627204c80a21a5730740,1.0,43892.253488242626,0.0,0.0,0.0,1.0,1.0,0.0,0.0,0.0,327.75002604722977,1617.7501285672188
surgery_cases/bc533ddb6382c34c89f49b492f7a9b24d0c03ae14899be39d7666cd9f5714a93,1.0,62782.5,0.0,0.0,0.0,1.0,1.0,0.0,0.0,0.0,483.75,829.5
surgery_cases/bc6eb3bd38c58e9ea837b7134091efb37f26994e8c1b917f370c91542bc1986c,1.0,70808.25,0.0,0.0,1.0,0.0,2.0,0.0,0.0,287.25,0.0,7263.75
surgery_cases/bc791d517ec88f95f762c311d1862c39796b7f93ec6a9fc02f385ed1456b88c9,1.0,48198.9000082016,0.0,0.0,2.0,0.0,0.0,0.0,0.0,1503.8947999477386,0.0,0.0
surgery_cases/bcb31989ef7c975a7014b12be0584408a311f2a0b42dc58619d4c3e6116dd08e,1.0,80514.0,0.0,0.0,0.0,0.0,1.0,0.0,0.0,0.0,0.0,3530.25
surgery_cases/bcdcf6a91d38c1c0d0ad2b29bb6c11730a36cdc54200c367da418460d662f763,1.0,73789.5,0.0,0.0,0.0,4.0,0.0,0.0,0.0,0.0,3977.25,0.0
surgery_cases/bd1a369b9fcff6ffd796427e68fcadb9de2ce0f0e62dd90c22f672ae1a504abc,1.0,37145.25,0.0,0.0,0.0,0.0,1.0,0.0,0.0,0.0,0.0,3648.75
surgery_cases/bd3108f0d1c14513d4306c14b5a72984f419743ad60c1420e0c09d6f12c810be,1.0,40038.75,0.0,0.0,0.0,1.0,0.0,0.0,0.0,0.0,554.25,0.0
surgery_cases/bd3351a626c6ebc6429a310b4c8f69093e03d1d74512755bcb13593cc2b7f512,1.0,63575.25,0.0,0.0,1.0,0.0,1.0,0.0,0.0,895.5,0.0,1767.0
surgery_cases/bdb975539c3723bee9db3ccd63e2ac20baa6a76eb5ea705ece0246c7e2695255,1.0,105812.25,0.0,0.0,1.0,0.0,0.0,0.0,0.0,723.75,0.0,0.0
surgery_cases/be3096e6c2f31a3cd850c60711610a5d636d6d3430d0740ae9df3bf406559ab4,1.0,44273.25,0.0,0.0,0.0,0.0,2.0,0.0,0.0,0.0,0.0,6588.75
surgery_cases/bf44e26c8b57602e51dbb4934bd54e02147bc662c2609e56e10848be5381ce3b,1.0,77214.75,0.0,0.0,1.0,0.0,0.0,0.0,0.0,591.0,0.0,0.0
surgery_cases/bf5be68020a5437f5f109755df0e1aee5b5492211f89fe159215f35a94bfdf95,1.0,26447.25,0.0,0.0,0.0,1.0,1.0,0.0,0.0,0.0,312.0,3594.75
surgery_cases/bf603c92a547d9b9f7155bb97efa8c67426c76f210b31d2340ffb7471269f0c2,1.0,43455.75,0.0,0.0,0.0,5.0,0.0,0.0,0.0,0.0,3809.25,0.0
surgery_cases/bf75d89995ddcb48b9908c65af79f72b9017f0330e82571969b5055fc20d3456,1.0,75822.75,0.0,0.0,0.0,0.0,2.0,0.0,0.0,0.0,0.0,3972.75
surgery_cases/bfb2d651b168110651065a29bbede963b0d9b777d0619c2725ce64f3fe4b2509,1.0,27618.752194941044,0.0,0.0,2.0,2.0,0.0,0.0,0.0,422.250033557415,1780.5001415014267,0.0
surgery_cases/bfc6ca058194da334c36e99286ee537bc09d9d30525d31da4f6b70a36d10667b,1.0,69066.75,0.0,0.0,1.0,0.0,0.0,0.0,0.0,1212.0,0.0,0.0
surgery_cases/bfe8960ff9ebcfe2b86178b3d705bb874e520ed9930082a1e9cb9a2046a14c1e,1.0,66584.25,0.0,0.0,0.0,0.0,1.0,0.0,0.0,0.0,0.0,2579.25
surgery_cases/c04dcb4d3d6ed5519a21a23efe9a8a7736fb498422b90abe0c5be807fa695ac5,1.0,66818.25,0.0,0.0,1.0,2.0,0.0,0.0,0.0,462.75,1905.0,0.0
surgery_cases/c13fe046a1efd729ed3da44064fe9953cdf997d6d5e98226fb9286b3501751bc,1.0,20201.251605451107,0.0,0.0,0.0,2.0,0.0,0.0,0.0,0.0,1029.7500818371773,0.0
surgery_cases/c1c18b5d8d61dff836b9cfe85dd0f209cbf3b99528025fc84b616c514d0a6cfd,1.0,80357.62334525585,0.0,0.0,1.0,0.0,1.0,0.0,0.0,152.061176776886,0.0,603.0269216299057
surgery_cases/c209fa0e376067e29b410cfe75591636b14ffeb17ba28ca692911224a25f2cd6,1.0,60137.25,0.0,0.0,0.0,1.0,2.0,0.0,0.0,0.0,549.0,7344.0
surgery_cases/c23be3826688e57cc74b0f2e40d6cb94b3590adec2fa97a8865f7c806d19173c,1.0,30373.5,0.0,0.0,0.0,0.0,1.0,0.0,0.0,0.0,0.0,3514.5
surgery_cases/c2b2519880adc869c198ae55a9ff6b4e314ee17fbad7cd3edecd05689a5b3814,1.0,19263.75,0.0,0.0,0.0,0.0,2.0,0.0,0.0,0.0,0.0,2090.25
surgery_cases/c2b9709701c73d2bc778fb08289942074aff72b9c2a79185001436d298e3d6ef,1.0,46979.25,0.0,0.0,2.0,1.0,0.0,0.0,0.0,3367.5,259.5,0.0
surgery_cases/c2c4dedf2ce54e8bc43f117d2eb6ae1b40457db3e5733dcad27e0df569b934db,1.0,37026.75,0.0,0.0,0.0,2.0,0.0,0.0,0.0,0.0,221.25,0.0
surgery_cases/c4289ec93db8805daa1f760d14ace02826c4994257083be96967d19421ae075b,1.0,16243.5,0.0,0.0,0.0,0.0,1.0,0.0,0.0,0.0,0.0,77811.0
surgery_cases/c437f828bb2f735f815fd428f05c6c42fe820b1e93af9e5e0459d053e2de764c,1.0,50210.25,0.0,0.0,0.0,0.0,1.0,0.0,0.0,0.0,0.0,2114.25
surgery_cases/c4b5457cab7f782e5959bd2885cba789785df040644d53969932b0eec92e0546,2.0,390620.2662232518,0.0,0.0,2.0,0.0,0.0,0.0,0.0,485.250027179718,0.0,0.0
surgery_cases/c4c309ecd94c99587de8c8a154772d2b1e314e308ad9412eb8412245a9e286ae,1.0,39846.75,0.0,0.0,0.0,0.0,1.0,0.0,0.0,0.0,0.0,3246.0
surgery_cases/c59f670dca817a383b361d91e43c4eb375a32d1d4e77ddcab44e044c11992332,1.0,104495.25,0.0,0.0,0.0,1.0,0.0,0.0,0.0,0.0,993.0,0.0
surgery_cases/c5aad2fb0519702d281b69ef42109fa3b3b46258a1999d2cbeca8e4c494d9ab1,1.0,35655.0,0.0,0.0,0.0,0.0,1.0,0.0,0.0,0.0,0.0,2423.25
surgery_cases/c5da98af2ee863238b4d62d93e7cfacf0c459e2c95b9135a7ff06bcca9f0c7ae,1.0,52000.5,0.0,0.0,0.0,2.0,1.0,0.0,0.0,0.0,1393.5,1529.25
surgery_cases/c620f81e8c8ac518a470d94ad551971273b855e11c7a53c0cc3a085577d10e49,1.0,47547.75,0.0,0.0,0.0,0.0,1.0,0.0,0.0,0.0,0.0,3675.0
surgery_cases/c66edfeea1ae32c2a4c46cc8b75585bd71babd81fa33d56ab7131d6f7bd4c83d,1.0,25238.25,0.0,0.0,1.0,0.0,1.0,0.0,0.0,497.25,0.0,3060.0
surgery_cases/c72bdebc0317ed99f5c694232751db5399299f91593b67e55282716709608146,1.0,45339.75,0.0,0.0,0.0,0.0,1.0,0.0,0.0,0.0,0.0,9338.25
surgery_cases/c7342f647c78d55544e1bbb9caea704a814ed1ab6bdf8517babcb4c115693af1,1.0,16981.5,0.0,0.0,0.0,0.0,1.0,0.0,0.0,0.0,0.0,85797.75
surgery_cases/c74b0b8bccbfecc178e1a051cce6d098fa99b959a5e214a60b143bb2e9ca0fe3,1.0,73159.5,0.0,0.0,0.0,2.0,0.0,0.0,0.0,0.0,963.75,0.0
surgery_cases/c7a975eb76e3643a49380cde875b5393d955a4d400b41e8c80d2de57c25fd3fb,1.0,38199.0,0.0,0.0,0.0,1.0,0.0,0.0,0.0,0.0,1573.5,0.0
surgery_cases/c842873accd61be94704dc3ff7361d63bc88b9d8e2e5f74660a77e43896924b8,1.0,58673.25,0.0,0.0,1.0,1.0,1.0,0.0,0.0,309.0,394.5,1432.5
surgery_cases/c8987df59ad7536fbbdbf194e1aa4cf29cbc3d98712011be4dd16d48ff2c68ec,1.0,70158.0,0.0,0.0,1.0,0.0,1.0,0.0,0.0,175.5,0.0,983.25
surgery_cases/c8ed2a2c01c43cb892b168f13d9d2c32d4cc3b75fbca5e41696551cf1d077d64,1.0,55667.25,0.0,0.0,2.0,1.0,0.0,0.0,0.0,333.0,274.5,0.0
surgery_cases/c963badffbfe1d9688856682661c0376a3f0d2f827fd93d824f31b30a301d5d2,1.0,29537.25,0.0,0.0,0.0,2.0,0.0,0.0,0.0,0.0,1422.75,0.0
surgery_cases/c9be67cbadde4c9495aebb9bb595c791c6477ea884cec3856f4370f1b7a76e3d,1.0,36435.0,0.0,0.0,0.0,1.0,0.0,0.0,0.0,0.0,227.25,0.0
surgery_cases/c9f5d4683ed00d1ec836b084de97e5f88aebbbfd75091ee48ce8149d21f6abbc,1.0,39130.50310981274,0.0,0.0,0.0,1.0,1.0,0.0,0.0,0.0,1284.0001020431519,2740.500217795372
surgery_cases/ca381d6d8e2cff6669e81f552e06539bc7d830c920a8b18905e4f58fdce71316,1.0,49307.25,0.0,0.0,2.0,0.0,1.0,0.0,0.0,783.75,0.0,909.0
surgery_cases/ca3b91c64d08a7c84048e4d017252ff692e69a51055532afe4c8b9c379ace5a3,1.0,139055.25,0.0,0.0,2.0,1.0,0.0,0.0,0.0,5307.75,1689.0,0.0
surgery_cases/cb5637a8b1bd3b1709ad1e26d6d3c12127a313e5eff84739d93e09795c97c419,1.0,81860.25,0.0,0.0,1.0,0.0,1.0,0.0,0.0,203.25,0.0,2025.0
surgery_cases/cb5e08b3b9e5d2ba21a7d28f3c8f859bf478da54f772614e66510b1186937cbc,1.0,58582.5,0.0,0.0,0.0,1.0,1.0,0.0,0.0,0.0,862.5,1966.5
surgery_cases/cbfeb981e3a6a90cdfc09bedc34a60597ae450778723bd292208908ab63894a5,1.0,54893.25,0.0,0.0,0.0,0.0,1.0,0.0,0.0,0.0,0.0,4032.0
surgery_cases/cd5e74f48a8b639113c4fc877e2ccf20246577bcdbdca9434a00cdb0ba4d0805,1.0,31026.75,0.0,0.0,0.0,1.0,0.0,0.0,0.0,0.0,978.0,0.0
surgery_cases/ce29e8311c69ffa54182aa5d4b896f59b8542a16358a80681994448809e2d92e,1.0,57556.5,0.0,0.0,1.0,1.0,0.0,0.0,0.0,811.5,950.25,0.0
surgery_cases/ce49c6a560c6094716e0c967ed9031672c98903de2742826b4d47eb6b8568467,1.0,58303.5,0.0,0.0,0.0,1.0,1.0,0.0,0.0,0.0,301.5,2050.5
surgery_cases/cea997e3a275133b779659d57d71333991b8eaa578228b950296abc8c66d4bf1,1.0,51065.25,0.0,0.0,1.0,0.0,0.0,0.0,0.0,1518.0,0.0,0.0
surgery_cases/cf0e6c479a61c42509ac3f622e36a0faa559da6e4c2005fbf052b6c088a977c0,1.0,57315.0,0.0,0.0,0.0,0.0,1.0,0.0,0.0,0.0,0.0,3793.5
surgery_cases/cf3c599f71a5cd35bd6a6fe0da8eb107d96e07dbfaa51b35e396a4491939f6d0,1.0,58563.0,0.0,0.0,0.0,1.0,0.0,0.0,0.0,0.0,807.75,0.0
surgery_cases/cf9a9bd29e6465f212d8c54035dd2388f0a6b4afa96b0e4a241d8cc05cb58a62,1.0,47175.75,0.0,0.0,1.0,1.0,1.0,0.0,0.0,352.5,690.0,8029.5
surgery_cases/d032589b75207a37a3e1edd7630e1b9fff9ff45f3e619c1a65cbf89fef2f35c5,1.0,57613.5045787096,0.0,0.0,0.0,2.0,0.0,0.0,0.0,0.0,2753.250218808651,0.0
surgery_cases/d06db9281391eca53cc36101260df7fb070f02b4297121ea83d20ab34fc15b8c,1.0,38135.25303071737,0.0,0.0,1.0,0.0,1.0,0.0,0.0,267.00002121925354,0.0,5758.500457644463
surgery_cases/d0823cc0c7dbacd9bd91761d43c3878da161e39abb3be456d967fe0e942dd317,1.0,59689.5,0.0,0.0,0.0,0.0,1.0,0.0,0.0,0.0,0.0,1372.5
surgery_cases/d133d1a33215a8fef61d4559ca535ae023fe3af3164d77d8474627d7923d0bd9,1.0,85873.5,0.0,0.0,3.0,0.0,0.0,0.0,0.0,1206.0,0.0,0.0
surgery_cases/d13e246f2311f2c2c82ca8b91ab5568663dcc74caf3688249144de85cc024a33,1.0,128497.5,0.0,0.0,1.0,2.0,1.0,0.0,0.0,259.5,541.5,2600.25
surgery_cases/d2006cd9572f4d4e53661badd9e5b5c9ebfc56585612597f8cc06a1b9b85d8e7,1.0,41847.75,0.0,0.0,2.0,0.0,0.0,0.0,0.0,1723.5,0.0,0.0
surgery_cases/d21daa2a39e772d7ec6a5c024649cdb0b610e0d5d3d8a617f3f4c2fd426a0899,1.0,42975.0,0.0,0.0,1.0,0.0,1.0,0.0,0.0,204.75,0.0,2462.25
surgery_cases/d21f0c7156e7c7653d8940e24f654f71a717067b09f363f5b5e9b5feec882ad8,1.0,33182.2473629117,0.0,0.0,0.0,0.0,1.0,0.0,0.0,0.0,0.0,879.7499300837517
surgery_cases/d220fb624ae0e84c655d78bd8a98f1a9b106bc5c2d3fc5c3eb28d3f7f862d7a4,1.0,14377.5,0.0,0.0,0.0,0.0,1.0,0.0,0.0,0.0,0.0,8682.0
surgery_cases/d22cc9360e12772369660e5f45b268bcbdae0e4024537b7426f596daaf764516,1.0,56919.75,0.0,0.0,1.0,2.0,0.0,0.0,0.0,918.75,539.25,0.0
surgery_cases/d2aef76bb8a9c4bdcd586a6647931ac95ce496d50e9c748e109f1b878ad289db,1.0,35712.75,0.0,0.0,0.0,0.0,1.0,0.0,0.0,0.0,0.0,7463.25
surgery_cases/d2b220fd79c6055ac0e6fd90f3bcbd8799217edea4f69cd26cd8258921985fd3,1.0,70350.75,0.0,0.0,1.0,1.0,1.0,0.0,0.0,2264.25,284.25,2601.75
surgery_cases/d2bc72fc1d921010e7ffdb0556370460cadede35ce5a18863f773000d1bfab5c,1.0,12525.0,0.0,0.0,0.0,0.0,1.0,0.0,0.0,0.0,0.0,55735.5
surgery_cases/d2e8d396f5077034a908fafd71ae20873de474860f28fe506d24f51e768c0584,1.0,68885.25,0.0,0.0,1.0,1.0,0.0,0.0,0.0,771.75,627.75,0.0
surgery_cases/d2ecadafd926922baacaaf8c8e1f2b96633bf186b3deb3e0d42fc0f5233a5401,1.0,74738.25,0.0,0.0,0.0,0.0,2.0,0.0,0.0,0.0,0.0,2795.25
surgery_cases/d34051161402c11744063fbd1ba2788c82977faca5c93ecb02910f1235a78f37,1.0,38523.75,0.0,0.0,0.0,1.0,0.0,0.0,0.0,0.0,1040.25,0.0
surgery_cases/d3ae761a20c28d70f712933480a0959a9aedcea3d951f2b6b24117cd5ab5d688,1.0,46482.0,0.0,0.0,2.0,1.0,0.0,0.0,0.0,905.25,1421.25,0.0
surgery_cases/d48ab007aa1b23a8ef72b36b5f6705df2062f98ac3b58fb01f8d0b79942ec6e8,1.0,42984.75,0.0,0.0,0.0,1.0,0.0,0.0,0.0,0.0,1519.5,0.0
surgery_cases/d490466a14ad0249ecffb85c8c0f47c12393a6cdf2aa1c7c57457fb6c35a56db,1.0,55061.25,0.0,0.0,0.0,1.0,1.0,0.0,0.0,0.0,81.0,7193.25
surgery_cases/d5a54d3765faf3622ea5c9f917bf0eef0329d5c09b7a11f9460910f8f357c245,1.0,50458.5,0.0,0.0,2.0,0.0,0.0,0.0,0.0,2460.75,0.0,0.0
surgery_cases/d619d8de8f571e4b16b23fbed8e82b8e2ac547e5b0dbceb8b6070b95c741d0c3,1.0,93385.5,0.0,0.0,3.0,0.0,0.0,0.0,0.0,2944.5,0.0,0.0
surgery_cases/d6250e4d1a7a51e514d3a2d8c8856ec61632669fabc5e530b0f48cd2e6970ed9,1.0,52049.25,0.0,0.0,0.0,1.0,0.0,0.0,0.0,0.0,386.25,0.0
surgery_cases/d6a4457b8ed239dfdaff3dd8af5b479d93e1bcdf48642ebb259386b535602d00,1.0,50740.5,0.0,0.0,2.0,2.0,0.0,0.0,0.0,1090.5,2918.25,0.0
surgery_cases/d6dc9fe5ed1dd0f3a101fd659e4d79ba9fee1870ebed52aceb1d6a2d3bc04066,1.0,33284.25,0.0,0.0,0.0,0.0,1.0,0.0,0.0,0.0,0.0,1383.75
surgery_cases/d72411a958b6ef951c09827cf9a9a5dce2bac549903a08c97f3b0f00de4d5e16,1.0,90754.5,0.0,0.0,1.0,1.0,0.0,0.0,0.0,77.25,540.0,0.0
surgery_cases/d7f4c1eb4f751a3db0dbba8d0a91839e67c9f1670e41848dedffadd0e92e426a,1.0,31577.25,0.0,0.0,3.0,2.0,0.0,0.0,0.0,1213.5,527.25,0.0
surgery_cases/d8413eb444ad7f0f441cc07ab2cd861022243312ac54d34c020ce554b80871e0,1.0,405508.5,0.0,0.0,1.0,0.0,0.0,0.0,0.0,944.25,0.0,0.0
surgery_cases/d853726200bd46e628b88bf2f6abf11fb022e168c2399f6eda43d15b0683f672,1.0,31249.5,0.0,0.0,2.0,0.0,0.0,0.0,0.0,963.0,0.0,0.0
surgery_cases/d862b291788c153ac99aadcabd0f8e118cf569013d1ea8b9d24bd808b8eced15,1.0,101742.75,0.0,0.0,0.0,1.0,0.0,0.0,0.0,0.0,220.5,0.0
surgery_cases/d888f2ab549de45103eed0e37f9ffbec268bd001a72298cc32ee772cbbb4b1de,1.0,55894.5,0.0,0.0,0.0,1.0,1.0,0.0,0.0,0.0,539.25,3249.75
surgery_cases/d89edccc13656aefaa7cf4f3d3150c13d35c931c55a99bd21163f5451b19ba51,1.0,41838.75,0.0,0.0,1.0,1.0,1.0,0.0,0.0,688.5,230.25,436.5
surgery_cases/d8b25ef4eebd3dc984ff0a690cfee1eaa5406c1c3a33a79c0ce4baaa628a508b,1.0,69917.25,0.0,0.0,2.0,1.0,0.0,0.0,0.0,842.25,182.25,0.0
surgery_cases/d8c7addfef905cdeecdc642a4fab345c39d74ecd01bef1bf07238a6bbdec6584,2.0,84027.75,0.0,0.0,0.0,3.0,0.0,0.0,0.0,0.0,777.0,0.0
surgery_cases/d8dda4f94364e9474c9dc6440e72766e9a025b415e89ff7beba40f6748f7a6e6,1.0,61481.25,0.0,0.0,1.0,1.0,0.0,0.0,0.0,150.0,639.75,0.0
surgery_cases/d8de7a5b232e905b3bce2dd73415a6273b0a3f890042fc9b3844329ea79bd6f3,1.0,49249.5,0.0,0.0,0.0,1.0,2.0,0.0,0.0,0.0,1050.75,8560.5
surgery_cases/d9429d1416f9405582fba2077c207297b7218c579aeaff34850461d4da8b0d7b,1.0,42110.25,0.0,0.0,0.0,0.0,1.0,0.0,0.0,0.0,0.0,1045.5
surgery_cases/d9674877085ea109c65039ddd7fb75e8cdb15391c052d9f357d1b49e9166f9f7,1.0,48394.5,0.0,0.0,1.0,1.0,0.0,0.0,0.0,196.5,1533.0,0.0
surgery_cases/d9acf8cd6c16c84a5130c62501fd0bc3d63c692398389e248e56af24d4f8b08c,1.0,78826.5,0.0,0.0,1.0,0.0,1.0,0.0,0.0,500.25,0.0,1827.0
surgery_cases/d9f86a1f44240beebb229877300f8ee85ba15ef3813f419a08d0970b5481bc5c,1.0,78643.50625002384,0.0,0.0,0.0,1.0,0.0,0.0,0.0,0.0,1592.2501265406609,0.0
surgery_cases/da09789765b073fd71f4ecbeb6b4759821cde4c486d4dcc74bc138ce378443b5,1.0,40012.5,0.0,0.0,1.0,2.0,0.0,0.0,0.0,423.75,6994.5,0.0
surgery_cases/da22c766b899fc1e35ff97c93d90b8ac09e045988e6010b3cb9efc2d5badf93b,1.0,52467.75,0.0,0.0,1.0,0.0,1.0,0.0,0.0,94.5,0.0,4206.75
surgery_cases/da5d6346c4b520c23c337581cef2af435bd47714dde2caca071fb6fdd223bf73,1.0,52346.25,0.0,0.0,0.0,1.0,1.0,0.0,0.0,0.0,657.0,1965.0
surgery_cases/db22b0e27a4709ecab2410fcc1334447b2a7eb0816509db250f785c4f73284d2,2.0,111750.75,0.0,0.0,0.0,3.0,1.0,0.0,0.0,0.0,1010.25,1365.75
surgery_cases/db33f4baa12b1f4c87fd0a7c884eed1ffe5e399af60da1eaea814eb530ba48ad,1.0,30937.5,0.0,0.0,0.0,0.0,1.0,0.0,0.0,0.0,0.0,11029.5
surgery_cases/dbad6062069fe415843607df9d80483884a63fd46d78e28c39f9f5a52a08b4ba,1.0,71453.25,0.0,0.0,0.0,0.0,1.0,0.0,0.0,0.0,0.0,2864.25
surgery_cases/dc3b98bcdf27b3f5d6e4bbcf7d47abf31596b946654ddcdfcad3f87c4743ecd8,1.0,28611.0,0.0,0.0,1.0,0.0,1.0,0.0,0.0,334.5,0.0,3618.75
surgery_cases/dc5f9ffd0f6e8d0b326dab47140e02b52308f0f572246d49192db78d16d46fd7,1.0,29584.5,0.0,0.0,0.0,0.0,2.0,0.0,0.0,0.0,0.0,2581.5
surgery_cases/de17465370fc74cf931e3fe8bfd6f397c71dfb15ee9527377dbc4c2e61911946,1.0,43132.5,0.0,0.0,0.0,0.0,1.0,0.0,0.0,0.0,0.0,6018.0
surgery_cases/df08d9ae3d2deaba6d77442c5f70a67458ea0687857645dd26ffb9d2e1e2042e,1.0,45284.25,0.0,0.0,0.0,3.0,0.0,0.0,0.0,0.0,4179.75,0.0
surgery_cases/df23a2865a2b8f9bd1fd35b5d7251b8de40990a4e49b86e11785482cbbf62fb9,1.0,77554.5,0.0,0.0,1.0,2.0,0.0,0.0,0.0,267.0,3921.0,0.0
surgery_cases/e009dafd709b5844f672d08124ea04c1db5b843dd5e3a3e256e3ccaa91efdceb,1.0,140304.75,0.0,0.0,1.0,1.0,0.0,0.0,0.0,613.5,824.25,0.0
surgery_cases/e15f27a07d5e682d8c51d21cf255e479a8d8936a4af674fcb5ae91abf43b6eca,1.0,41204.25,0.0,0.0,0.0,1.0,0.0,0.0,0.0,0.0,840.75,0.0
surgery_cases/e16e517af19d9d8bb2d4f516fdb9f1b707a93c0e51d2d7b9257751f34260da9f,1.0,48805.5,0.0,0.0,1.0,1.0,0.0,0.0,0.0,3072.0,1652.25,0.0
surgery_cases/e239407842b00ed07e01cae7f7596741abba1930f1e5dbe3c07891e3631722ac,1.0,55509.75,0.0,0.0,1.0,0.0,1.0,0.0,0.0,549.75,0.0,2244.0
surgery_cases/e24336acbb6ce8bdcee4b6bb59d534cd5fd3a3669719c20a91b6083fe3a89bff,1.0,48878.25,0.0,0.0,0.0,0.0,1.0,0.0,0.0,0.0,0.0,10865.25
surgery_cases/e260ed27d31e15af479a13385759342659584b6d0764ac4238db839b472828be,1.0,40647.0,0.0,0.0,0.0,1.0,0.0,0.0,0.0,0.0,1533.0,0.0
surgery_cases/e2b4c05c9aa4af39e16ac749707cdf668d8524c07734521aa74e3b8e2c3fa1e7,1.0,70812.0,0.0,0.0,0.0,0.0,1.0,0.0,0.0,0.0,0.0,9667.5
surgery_cases/e337ebebd5f537f3ded9278445ba0389aea71dc7b7bcdd4f25ca3539998f9dd8,1.0,51852.6020604372,0.0,0.0,0.0,1.0,0.0,0.0,0.0,0.0,1215.0000482797623,0.0
surgery_cases/e424f1eb605de5b53f12eea002c2c415631a900690b51dd7a06a29dd0636601c,1.0,80983.50643599033,0.0,0.0,0.0,1.0,0.0,0.0,0.0,0.0,399.75003176927567,0.0
surgery_cases/e446b40de86e6c46681badc17ef7b837dc8d7ff7a11db1b8d893190cda5c8986,1.0,95222.25,0.0,0.0,0.0,0.0,1.0,0.0,0.0,0.0,0.0,4077.75
surgery_cases/e47e0e7bd8984f6cad32008680a9567ddd4f5877b36fde49e1e5db539c714bde,1.0,40092.0,0.0,0.0,0.0,2.0,1.0,0.0,0.0,0.0,513.0,621.75
surgery_cases/e4b97baf264e51b16f414f942d4e7fd5ddf1f428539484c789618c4e9329d720,1.0,11405.25,0.0,0.0,0.0,0.0,1.0,0.0,0.0,0.0,0.0,45298.5
surgery_cases/e5fd5d48515cccfb6b07c6d461f45ce51f7b1f75074fcfcc10b375b2cd52d286,1.0,62130.0,0.0,0.0,1.0,0.0,0.0,0.0,0.0,2030.25,0.0,0.0
surgery_cases/e5ffe6090a4ef69e54515826e184c6fa49353e5d7659012f41a7f8820c1ffcc8,1.0,35058.75,0.0,0.0,0.0,1.0,1.0,0.0,0.0,0.0,336.0,1043.25
surgery_cases/e659fd1557180357ecb71d05a94382f603c7e094245d29b18f55e0a48209a4e4,1.0,9316.5,0.0,0.0,0.0,0.0,1.0,0.0,0.0,0.0,0.0,35370.0
surgery_cases/e662006d86473d457d8c6d1e67b56d003c4e1af69acdc96caf76fca316ed847b,1.0,61248.0,0.0,0.0,2.0,0.0,0.0,0.0,0.0,648.0,0.0,0.0
surgery_cases/e6c1823253e2a057bf97fb4ee49fb9ecd7fb2ed031be9c502b0324203a0c1d37,1.0,15125.248797953129,0.0,0.0,0.0,0.0,1.0,0.0,0.0,0.0,0.0,1480.4998823404312
surgery_cases/e6c4e43dfa305cc6e833d6af5bd84a93f6888269d6b43b236a57aa93dd279c8b,1.0,26216.25,0.0,0.0,0.0,0.0,1.0,0.0,0.0,0.0,0.0,7367.25
surgery_cases/e6ec77fc72b34fc5d07200bba144f6610a59d8ed7d8b94ad44e23bcd1f2d2751,1.0,45407.99639129639,0.0,0.0,0.0,1.0,1.0,0.0,0.0,0.0,1037.9999175071716,2833.499774813652
surgery_cases/e711d00ab0cb6ca4e77f07a1f05d0cb9a0a7880c04d4bc1116cb5a721354f788,1.0,35731.5,0.0,0.0,0.0,0.0,1.0,0.0,0.0,0.0,0.0,3200.25
surgery_cases/e72f4ecfa9172916cbbdc832b4037b0037a3ca4bf826122e0d87d6a0c182b7d1,1.0,41086.5,0.0,0.0,0.0,0.0,1.0,0.0,0.0,0.0,0.0,1515.0
surgery_cases/e79ccfc1eb668a115838e8ace572f25f37af888d42292f3719dfaa6559c0e5ad,1.0,69383.25,0.0,0.0,0.0,1.0,0.0,0.0,0.0,0.0,1792.5,0.0
surgery_cases/e7aee36b3ba34ac377807ec69b848f973e492bc20befa590fc12aa95c42e3a7c,1.0,108444.75,0.0,0.0,1.0,1.0,0.0,0.0,0.0,282.75,438.75,0.0
surgery_cases/e7eb52c5a6a76eede762b356a287f835d18264f186dd21a0d19d9897c3933213,1.0,31746.0,0.0,0.0,0.0,2.0,0.0,0.0,0.0,0.0,699.0,0.0
surgery_cases/e7f794384ffcfb94ea9382dca772eeee21541ac3d6a313a8dee65a2d3ca1e7fe,1.0,49221.0,0.0,0.0,1.0,0.0,0.0,0.0,0.0,1281.75,0.0,0.0
surgery_cases/e8173aae195682e2ecbbf894b6314bcd217e30d1d0fef5533c1f5b8f7e39133a,1.0,29361.75,0.0,0.0,0.0,1.0,0.0,0.0,0.0,0.0,1185.75,0.0
surgery_cases/e82b88315b31842464bc297725ab97650db6c3ef30a5a7aa316ee2ddb518c48d,1.0,60200.25,0.0,0.0,1.0,1.0,0.0,0.0,0.0,1321.5,567.75,0.0
surgery_cases/e833b113644ab49a69efdbe7f28bfa1e1cecb037a0a1a352d3f5d180df37aada,1.0,77260.5,0.0,0.0,1.0,1.0,0.0,0.0,0.0,753.0,1720.5,0.0
surgery_cases/e9753ecc0c9f4c11c1fab728879ba360f3f66515c0b8643fb7d84abfbfc9eb03,1.0,57637.5,0.0,0.0,0.0,2.0,0.0,0.0,0.0,0.0,573.0,0.0
surgery_cases/ea19db81b61a21bd1abd474522f72bb6aef3c7bd6ba417102ba58493495307e1,1.0,39786.0,0.0,0.0,0.0,0.0,1.0,0.0,0.0,0.0,0.0,2395.5
surgery_cases/ea61441e7a57461e2fdde54c8c52584764cb6186b4c1a7989170f714c6dcf6c0,1.0,51994.80206608772,0.0,0.0,0.0,1.0,0.0,0.0,0.0,0.0,1332.9000529646873,0.0
surgery_cases/ea6b471cb5c2c165be0358bb574c5a1a88b52841eafa482182f82d0fb7ad0c57,1.0,41826.0,0.0,0.0,1.0,0.0,1.0,0.0,0.0,151.5,0.0,6895.5
surgery_cases/eb1e9dc46d66493c444a77d0191cec99aae829ca9f636eeb29443f18429ed512,1.0,32368.5,0.0,0.0,0.0,0.0,1.0,0.0,0.0,0.0,0.0,1193.25
surgery_cases/eb8f1e7970727544b25bfdc577ebdd4a837537d7b72b6b5dbb41b7399b892649,1.0,31513.5,0.0,0.0,1.0,1.0,0.0,0.0,0.0,549.0,1228.5,0.0
surgery_cases/ebad13bf8ac270c72157e07421a9fb5fb473ba56a16de8707d73b45e53eebd26,5.0,627317.9964552522,0.0,0.0,2.0,1.0,0.0,0.0,0.0,1293.7499496936798,612.7499513030052,0.0
surgery_cases/ebf4f384ce25cdabb2359f2c63786995f67420683f209f27275f846d7e22dd9e,1.0,56244.75,0.0,0.0,1.0,2.0,1.0,0.0,0.0,544.5,989.25,7373.25
surgery_cases/ec5dd2a13ab543d8ddb914bf243cc8da0190f9c17ad02104b50aededf5e2a416,1.0,24915.75,0.0,0.0,0.0,0.0,1.0,0.0,0.0,0.0,0.0,2094.0
surgery_cases/eceea22d1d84080ea975fd1aa004be181070aacb9ea17554e22384e87944b63f,1.0,36417.0,0.0,0.0,1.0,0.0,1.0,0.0,0.0,1351.0,0.0,2251.0
surgery_cases/edba4b2c18813712a137f03276a17f5523cdb0a4625e1762b229ab41d365e093,1.0,32429.252577245235,0.0,0.0,0.0,1.0,0.0,0.0,0.0,0.0,1039.5000826120377,0.0
surgery_cases/edebb58d823f4ec05a3767a7c3597b3ea14aec9e18247a67e09e5a5a28a7a151,1.0,43539.75,0.0,0.0,0.0,0.0,1.0,0.0,0.0,0.0,0.0,2513.25
surgery_cases/edf3ae282bc6933d6c8127730faf526497c901b034e67873be340b74f0c8334b,1.0,257134.5,0.0,0.0,1.0,1.0,1.0,0.0,0.0,871.5,795.75,1243.5
surgery_cases/eef1f854f4810e262cfb077fb8975e8a95a17b53747bea475aa8751d6a2b73b8,1.0,40869.75,0.0,0.0,1.0,0.0,0.0,0.0,0.0,495.75,0.0,0.0
surgery_cases/ef3bcaa865f850d0a99fc555b8028abc201991a85e5bc85ef32b4c8b98831f4b,1.0,43224.301717579365,0.0,0.0,0.0,0.0,1.0,0.0,0.0,0.0,0.0,3323.700132071972
surgery_cases/ef44c3538fd0dbc7c2f16ef3f145eab79ad86fd4af5b9994808ac4b3da1931a3,1.0,189987.0,0.0,0.0,1.0,1.0,0.0,0.0,0.0,496.5,879.0,0.0
surgery_cases/ef71abe64071eab21ed6b789879af909515e229cd9fea419984618cf55b76734,1.0,59680.5,0.0,0.0,0.0,1.0,0.0,0.0,0.0,0.0,730.5,0.0
surgery_cases/ef801970c18d8f5cb28304aa972e8f0cbd7fb91d28cf2c247f96addebf4bce3e,1.0,45610.5,0.0,0.0,0.0,0.0,1.0,0.0,0.0,0.0,0.0,10107.0
surgery_cases/f0b606a5d50df1cfb675d51e2f8e78aa7621e38181f91e7ca5db840b6beae293,1.0,35502.0,0.0,0.0,0.0,0.0,1.0,0.0,0.0,0.0,0.0,6119.25
surgery_cases/f0f55d2fa76d13dc611faa0d31d9cd7b0587c1e1ec88523f6c87bc49616e72d9,1.0,56787.0,0.0,0.0,0.0,2.0,0.0,0.0,0.0,0.0,647.25,0.0
surgery_cases/f17165d41b7023355e28657598c962eec81ff9863f5d5361c88a1a31d92d92d8,1.0,78081.75,0.0,0.0,0.0,0.0,2.0,0.0,0.0,0.0,0.0,2401.5
surgery_cases/f17a51626c5ca6662d611b14652968515e59574864744034cec7037f54826583,1.0,31190.25,0.0,0.0,0.0,1.0,0.0,0.0,0.0,0.0,1168.5,0.0
surgery_cases/f252b52fe6ab4f00271934ecbbd94e7d960a41c945e6fa7e566ecf1c7f7a3e4a,1.0,64809.75,0.0,0.0,0.0,1.0,0.0,0.0,0.0,0.0,528.75,0.0
surgery_cases/f29d2619b12767e5c9bc5f4d436b3de7239846483f44bbe9993cd81892375ae3,1.0,142716.0,0.0,0.0,0.0,2.0,0.0,0.0,0.0,0.0,763.5,0.0
surgery_cases/f39ffabd0815a74d4088fec7e3dfc5441ac4d00955e5bc28f4c43f3b55375e18,1.0,41749.5,0.0,0.0,0.0,0.0,1.0,0.0,0.0,0.0,0.0,4558.5
surgery_cases/f3c61ace602619d0ee1cda704f398802d0f7d21da56602362161af3e96b4cfad,1.0,42945.75,0.0,0.0,0.0,1.0,1.0,0.0,0.0,0.0,587.25,1407.0
surgery_cases/f4b1008b7a47d1c6685d6554f9cb3239670d7367fc327be6b78e5f509d0b1d30,1.0,33722.25,0.0,0.0,0.0,1.0,0.0,0.0,0.0,0.0,1745.25,0.0
surgery_cases/f4e3b368834850d6a4436ebc6e36101ab8c3c2f04ab66b1aee899ddf2541a3cf,1.0,73894.5,0.0,0.0,0.0,2.0,1.0,0.0,0.0,0.0,1119.0,939.0
surgery_cases/f590240cb1da6702a534ca066221035e90673c95ed55f2729e5f047d51a9b35f,1.0,43081.503423810005,0.0,0.0,0.0,0.0,1.0,0.0,0.0,0.0,0.0,1452.750115454197
surgery_cases/f62fcb69d34a842af4bf6730f7e6443673da03ae792b6f9d4d4971ee9f318e58,1.0,47887.875,0.0,0.0,0.0,0.0,1.0,0.0,0.0,0.0,0.0,1157.625
surgery_cases/f6a0d4c96cef288a73b6aaf3535aa6d9fb9c3b56e6573e9c83749144f2a3c79d,1.0,53094.75,0.0,0.0,0.0,2.0,0.0,0.0,0.0,0.0,1655.25,0.0
surgery_cases/f72efd43f94321c194b0ae4cbf1f00f723d929f51e643e18fdb493e57c63737d,1.0,60171.0,0.0,0.0,0.0,0.0,1.0,0.0,0.0,0.0,0.0,1929.0
surgery_cases/f766b964da6d6ef08bcfe11f705e3f6abf62663ffbdbdee2a1b3b3dfa403f68d,1.0,209099.25,0.0,0.0,0.0,0.0,1.0,0.0,0.0,0.0,0.0,1852.5
surgery_cases/f7674aa62aa6bac623c0eefca85ff84cff1008dec7d6917a13f52abb8010df67,1.0,89554.5,0.0,0.0,0.0,0.0,1.0,0.0,0.0,0.0,0.0,1284.0
surgery_cases/f82517c1533d7187782bbb1dc240675e78777396e0f799444a37d642703e4c36,1.0,160416.75,0.0,0.0,0.0,0.0,1.0,0.0,0.0,0.0,0.0,1018.5
surgery_cases/f8592df2e9af0296127cfc7542d4cddc8650689dbba75a7ac38e92cbe99e69d5,1.0,33887.25,0.0,0.0,0.0,0.0,1.0,0.0,0.0,0.0,0.0,1248.75
surgery_cases/f8ba3316656ec62e4da9ce6428c1a0dd254c81a7e236de50038f953c9a459f4f,1.0,33765.75,0.0,0.0,0.0,1.0,1.0,0.0,0.0,0.0,325.5,3861.75
surgery_cases/f9c8790d47909d850a519ecc2d0708ff8093a863a38ed5afa86e405980d067d0,1.0,55725.75442868471,0.0,0.0,0.0,0.0,1.0,0.0,0.0,0.0,0.0,2542.500202059746
surgery_cases/fb13135029e1aaa66709c33188551dcf5898fed4f719591f336f08cf31ce5849,1.0,46524.0,0.0,0.0,4.0,1.0,0.0,0.0,0.0,1294.5,114.75,0.0
surgery_cases/fb8ca0d4d9baa45e029bf1b46da9cd59acf8e8684732355b0f76d915929a6a68,1.0,43806.0,0.0,0.0,1.0,1.0,0.0,0.0,0.0,603.0,689.25,0.0
surgery_cases/fba243c3e248ce2ac4ef359c231c4a002546b64ed7ae19ae3987c4b6b4d14b80,1.0,47670.75,0.0,0.0,0.0,1.0,0.0,0.0,0.0,0.0,708.75,0.0
surgery_cases/fbc44611b46188dd63d5c759bac28ed0dbe09086a40f37dad0e7943dc9e77f56,1.0,94627.5,0.0,0.0,0.0,0.0,1.0,0.0,0.0,0.0,0.0,16831.5
surgery_cases/fbd5bcf21db51ca9240e019b1bfbc0babb86599702c64a8be5c64e4e9feb31d0,1.0,51073.5,0.0,0.0,1.0,1.0,0.0,0.0,0.0,366.0,570.75,0.0
surgery_cases/fbec329a6ad6aaf7d11d53a5aed2587a0e88cb3744e01dee5e1f8f6d463a48ff,1.0,113739.0,0.0,0.0,1.0,0.0,0.0,0.0,0.0,536.25,0.0,0.0
surgery_cases/fbfc716ebabb1394b98abc800130385d54ac3976d5f3bc76308b93e05bd337d8,1.0,36366.75,0.0,0.0,0.0,1.0,1.0,0.0,0.0,0.0,478.5,4845.75
surgery_cases/fce110ea93f73b53fee27b3b666aac1c7f5131ebb091bf657fa1690c8350489d,1.0,121858.5,0.0,0.0,1.0,0.0,0.0,0.0,0.0,5100.0,0.0,0.0
surgery_cases/fd16717ea10a6192f0814d9c32fe3dc3afc3f559603fb86ee2b56453d05cca06,1.0,73721.25,0.0,0.0,0.0,1.0,0.0,0.0,0.0,0.0,318.0,0.0
surgery_cases/fd44224dd07436302faecf70e5473f8ca45916e27d41ec2734df09a35536a355,1.0,55390.5,0.0,0.0,2.0,0.0,0.0,0.0,0.0,525.0,0.0,0.0
surgery_cases/fdb33c98aefad3f27b0f351e4daebfcdef5fa4d976ad83d68c0d7b63def1ca41,1.0,61036.5,0.0,0.0,0.0,1.0,1.0,0.0,0.0,0.0,1080.0,1266.0
surgery_cases/fdcfacdd9fc1045f83949f3c23002d5b8b34b7d48a4600ce965d4a8a2974da6d,1.0,57110.25,0.0,0.0,0.0,2.0,1.0,0.0,0.0,0.0,552.0,9657.75
surgery_cases/fefc2b8eebf63af10ba5cc9f08572fe006d70487f60e5e1da3b2bb385e0238ea,1.0,79228.5,0.0,0.0,0.0,0.0,1.0,0.0,0.0,0.0,0.0,975.0
surgery_cases/ff6e41572e6de481260a4403856dcc800ea7d2576471e92eaaa898ed23479065,1.0,63854.25,0.0,0.0,0.0,1.0,0.0,0.0,0.0,0.0,688.5,0.0
surgery_cases/ff825ade855700f06a90bf24007266f020714fbda67d8e7a6ad3a2af4a2efb43,1.0,46290.0,0.0,0.0,0.0,0.0,2.0,0.0,0.0,0.0,0.0,4447.5
surgery_cases/ffdd97fb5c11eb30fcf60cb2ffb9c2dbfbf18f19c6fde20d858a7a0d138fc00d,1.0,58156.5,0.0,0.0,0.0,2.0,1.0,0.0,0.0,0.0,482.25,3583.5
dynacad/003275541ba7f6415625d5b25dfda0053871045470a6724d5abdef2da05cda82,1.0,75481.5,0.0,0.0,0.0,1.0,0.0,0.0,0.0,0.0,445.5,0.0
dynacad/0043e0f4588621967b71a49ff79cc5168b477914e010f3fdb8d6baa2af03f825,1.0,131106.75,0.0,0.0,0.0,1.0,0.0,0.0,0.0,0.0,372.0,0.0
dynacad/010695ef43141df4fcb1800848083a233d4d47b67f86965ab336d41a3f3738be,1.0,44793.75,0.0,0.0,0.0,1.0,0.0,0.0,0.0,0.0,1178.25,0.0
dynacad/01a061de7ffd51ed2c48917e29e5d30441b29fc0804b2b1c79402fd21de2a77c,1.0,62901.0,0.0,0.0,2.0,2.0,1.0,0.0,0.0,461.25,829.5,1554.0
dynacad/0251a43d48265f0061ecf7b71f81acf310eb2a8667e8fc0b011deee17e86f9d5,1.0,102057.0,0.0,0.0,0.0,1.0,0.0,0.0,0.0,0.0,402.0,0.0
dynacad/0273628822fba1ce6d8d372315dd35e67393b290d055b9aea6f71897cc599cd2,1.0,74598.75,0.0,0.0,0.0,1.0,0.0,0.0,0.0,0.0,720.0,0.0
dynacad/04e9c0a66b716556669c8435dd552a8f105f18e9722b65fac4ffdb3fa4e30c8b,1.0,71372.25,0.0,0.0,0.0,1.0,0.0,0.0,0.0,0.0,795.0,0.0
dynacad/055583cd285bde43d2406e4bad2471845cca3971d46c508d901c9384d313beab,1.0,59355.449142336845,0.0,0.0,0.0,0.0,1.0,0.0,0.0,0.0,0.0,4708.274931967258
dynacad/05d6a22e9e8c85d77a00f6edeb1d1d123d7bef8754fe32fedaa956866da0b0ea,1.0,50875.5,0.0,0.0,0.0,0.0,1.0,0.0,0.0,0.0,0.0,2048.25
dynacad/077f02fb71453593595ed32022a39a3a7cde35f23118eec89c55f246ebff0100,1.0,70870.5,0.0,0.0,0.0,0.0,1.0,0.0,0.0,0.0,0.0,1714.5
dynacad/07f8722637936da8bb086831bdc7012fb0f1845c84d0fefd93c657113d9688a2,1.0,46262.25,0.0,0.0,0.0,2.0,0.0,0.0,0.0,0.0,1299.75,0.0
dynacad/09628514d1383856409f8c9cc872fbf91a3367dfad43a9600fc90772a6a7dc3b,1.0,52871.24579817057,0.0,0.0,0.0,1.0,0.0,0.0,0.0,0.0,1217.9999032020569,0.0
dynacad/0970959824e3bd29ae6951d5b582beeaee328e9800cd230db3e5a7843e7857e6,1.0,60226.5,0.0,0.0,0.0,1.0,0.0,0.0,0.0,0.0,730.5,0.0
dynacad/0b32afa198603ce5825f06654928ae60491d1b8ad4aefaa494db855e5e6709c1,1.0,57073.5,0.0,0.0,2.0,0.0,0.0,0.0,0.0,2887.5,0.0,0.0
dynacad/0b6b21f7a226ea2675ac1265e5cc67806e0d47d0590dd64db0f9e2a7b7909474,1.0,100284.75,0.0,0.0,0.0,0.0,1.0,0.0,0.0,0.0,0.0,2160.75
dynacad/0e21da928089bc815b7f08e1259ffc8e22f36652944bdabbd9d3b2f6101c7a05,1.0,178191.0,0.0,0.0,1.0,1.0,0.0,0.0,0.0,410.25,567.75,0.0
dynacad/0e7ba936c1aa71f090da4343480355f5afad309d361f30ec6b9e851177b23540,1.0,47467.5,0.0,0.0,0.0,0.0,1.0,0.0,0.0,0.0,0.0,2190.0
dynacad/0fe0864c5eefeabe04ae49210c8a232eb71d6d795f747a4e553f5419da4b1d8d,1.0,67636.5,0.0,0.0,1.0,0.0,0.0,0.0,0.0,338.25,0.0,0.0
dynacad/12876a9e3f59ba660e3a0cf0f8e1fa00597a60eadfae8fab9128428e57394aaa,1.0,52164.75,0.0,0.0,1.0,1.0,0.0,0.0,0.0,322.5,570.0,0.0
dynacad/13a145db62a9abc602bbdfab7a8c0743ad7faf09ce4eda7485e2a2e31746f0b8,1.0,99400.5,0.0,0.0,1.0,0.0,0.0,0.0,0.0,589.5,0.0,0.0
dynacad/14296ab9401e49af177eee60a5d925793b8a237dc919629443a20040a6c96302,1.0,85917.59772396088,0.0,0.0,1.0,0.0,0.0,0.0,0.0,693.8999816179276,0.0,0.0
dynacad/14356eece7b5a68e522b31dde34b042ad32a8e03cf5d810d5b6ae788387eef1a,2.0,139051.35246688128,0.0,0.0,1.0,1.0,0.0,0.0,0.0,226.5,236.25,0.0
dynacad/14577fdaee74a7121bf45cfc0c8956686988b5c9898686d9b6f2aaf139e31cae,1.0,51630.0,0.0,0.0,1.0,3.0,0.0,0.0,0.0,425.25,928.5,0.0
dynacad/14bcbca030b8588d43aa1b4ffee5efb0fda4a79cf4ea77894c36f0486ba897ef,1.0,50010.0,0.0,0.0,0.0,0.0,1.0,0.0,0.0,0.0,0.0,1306.5
dynacad/15983be14029464d35c6bb42cbee78f223093ca49f15b04712756d53917b8a00,1.0,189652.5,0.0,0.0,1.0,1.0,0.0,0.0,0.0,1146.0,470.25,0.0
dynacad/163b1d39b88d743ca8990cb5420d655f20b47b24b7b54a08a9d5a325c75f30ce,1.0,72410.25,0.0,0.0,1.0,0.0,0.0,0.0,0.0,223.5,0.0,0.0
dynacad/1655be5a16dbdc3ee45dd0cce7f6af468242cf2d7fa8cfa79c7a734ca441af5a,1.0,96947.25,0.0,0.0,0.0,1.0,0.0,0.0,0.0,0.0,687.0,0.0
dynacad/16b1be074e7a56a37a7363b81706af1ec772d91975a00bbebc7fe3982876fa3d,1.0,66234.75,0.0,0.0,1.0,0.0,0.0,0.0,0.0,1059.75,0.0,0.0
dynacad/1762716e7d8257c06fdf442a4966880b59e5db623cbc2ceea5cde2cbbc6c6958,1.0,102206.25,0.0,0.0,1.0,0.0,0.0,0.0,0.0,2054.25,0.0,0.0
dynacad/17ea6860db2fdb2364cfe2445d2b9eea4b0b6941b504e8fb6e5680ece68fd3eb,1.0,87477.0,0.0,0.0,0.0,1.0,0.0,0.0,0.0,0.0,1119.0,0.0
dynacad/17fc40934d304266c0d71677c9973aa7358528c62f8515c9c9c19f7766d89149,1.0,65629.5,0.0,0.0,0.0,0.0,1.0,0.0,0.0,0.0,0.0,1526.25
dynacad/19f2b0d2bb5db6b1b692ba2321bf610ba023dc9c8a9f1664a107b6c902f3cca7,1.0,70787.99437427521,0.0,0.0,0.0,0.0,1.0,0.0,0.0,0.0,0.0,1171.4999068975449
dynacad/1c05919ff74c18c516ae0cd806d1b75007a28f7a35b596e7bb034549d002d833,1.0,40605.75,0.0,0.0,0.0,1.0,0.0,0.0,0.0,0.0,819.75,0.0
dynacad/1c73b682344b5d78adeec6d1833d1b72a12317cbcf23ea50691e6de3f34def92,1.0,66573.0,0.0,0.0,0.0,0.0,1.0,0.0,0.0,0.0,0.0,1005.75
dynacad/1c90a02ffe282ae143a7abd259befe5be16c10ad12d0a1e14c3c1c12a4d3494d,1.0,82415.25,0.0,0.0,0.0,0.0,1.0,0.0,0.0,0.0,0.0,2108.25
dynacad/1d502345ada92f0d304b3fe3e5ec8cad239a480c41a87c994be476cad2d2fdc3,1.0,80085.75636464357,0.0,0.0,1.0,0.0,0.0,0.0,0.0,754.5000599622726,0.0,0.0
dynacad/1e177fdac4e292eb25ae806b46181a65f70c778760716729b7afbfd2f8435d6f,1.0,44636.25,0.0,0.0,0.0,1.0,1.0,0.0,0.0,0.0,96.0,5109.0
dynacad/1e53932411a7fd637c5c7edd5a46ff156fc032be2b6878bef82f04314c20b6ef,1.0,69856.5,0.0,0.0,1.0,0.0,0.0,0.0,0.0,574.5,0.0,0.0
dynacad/1e830afb43f3874a94fead3fe3f07286a553486c2fc57b90d463bbae5c8455bd,1.0,46640.25,0.0,0.0,0.0,1.0,0.0,0.0,0.0,0.0,381.0,0.0
dynacad/1ec25545a29fbd908568685decc18440abcd1de903ff44aa7f8eec699b3a545d,1.0,56349.0,0.0,0.0,1.0,0.0,0.0,0.0,0.0,328.5,0.0,0.0
dynacad/1f2e4224b2ad7f354b1a3aea9676a1cb0ecfc21cfa245d099bfad1a3684531fc,1.0,36675.75,0.0,0.0,0.0,0.0,1.0,0.0,0.0,0.0,0.0,959.25
dynacad/21b2936365c052a3d86f13e80c0ba5c9b8e86ce0d089fad18f603f79bbb24ed4,1.0,52842.75,0.0,0.0,0.0,2.0,0.0,0.0,0.0,0.0,970.5,0.0
dynacad/21e34d7369c67a300fbaeaec65bb026b8220e1e8fe1c4c3ffd7cb840f3b68d8a,1.0,50167.5,0.0,0.0,0.0,2.0,1.0,0.0,0.0,0.0,441.0,1213.5
dynacad/228f2b3bbebda5d2a410eff7fe1bcf93e498ce2d33f243aa5916ecacd2a010a5,1.0,55200.75,0.0,0.0,0.0,0.0,1.0,0.0,0.0,0.0,0.0,5610.75
dynacad/22ef9335273a3c7950fc93500dfce42b494d4036f72b91f974d7e072a065ff90,1.0,31914.0,0.0,0.0,0.0,2.0,1.0,0.0,0.0,0.0,392.25,1259.25
dynacad/235e2c4013680ac34fecff23d1b14b00cc915fd63666989b20001d1787f5d8a6,1.0,62256.0,0.0,0.0,0.0,0.0,1.0,0.0,0.0,0.0,0.0,681.75
dynacad/23cc4d7f8613b4393db4fe333bfc162be3fdb3ccf5e962886db6344660c97eeb,1.0,82362.0,0.0,0.0,2.0,1.0,0.0,0.0,0.0,742.5,452.25,0.0
dynacad/242fb0a8d803e531db951453724a30f13af10cbbe7430c1f52c1ccccf3231759,1.0,82732.5,0.0,0.0,0.0,1.0,0.0,0.0,0.0,0.0,394.5,0.0
dynacad/259aca7e2cdfaac4944a2a09023fda058009c452b6ef475e6cc8a185198724b9,1.0,64717.5,0.0,0.0,2.0,2.0,0.0,0.0,0.0,1500.75,627.75,0.0
dynacad/25c55001f6e87cb11eecf48b0451ffd383ba13c3ab7816c8ac1668e4899f2adf,1.0,53805.75,0.0,0.0,0.0,1.0,0.0,0.0,0.0,0.0,349.5,0.0
dynacad/270fe2a91a22e584376dbee72a77cd3dd5e35a878912764dee619a1d8c82389d,1.0,30796.5,0.0,0.0,0.0,0.0,1.0,0.0,0.0,0.0,0.0,2073.0
dynacad/275a60de0793b6a0cb5b20528cafa67007217020488f0619fac4e1107577aba0,1.0,66486.75,0.0,0.0,0.0,1.0,1.0,0.0,0.0,0.0,375.0,1658.25
dynacad/27da167cc6daff526fafa8bc8b7a39a8232130256a8fe3c37bb0ab1eacefa92e,1.0,48127.496175169945,0.0,0.0,0.0,1.0,0.0,0.0,0.0,0.0,3932.2496874928474,0.0
dynacad/291d24fdab59a4207cd49aa579eea0610735be68a40b91a34b57ec8efbc054be,1.0,37119.0,0.0,0.0,0.0,0.0,1.0,0.0,0.0,0.0,0.0,901.5
dynacad/294dfc7223a9ca30eef7c59c6ab1737428fea1c03c7b15c54bd00fc4beb10fee,1.0,101438.24193841219,0.0,0.0,1.0,0.0,0.0,0.0,0.0,1736.2498620152473,0.0,0.0
dynacad/2a14a60f854a0d153f9bcbd9f9ec8187b0d082f935d698f1e5869f4e75cde455,1.0,54359.25,0.0,0.0,3.0,1.0,0.0,0.0,0.0,886.5,504.75,0.0
dynacad/2b0eb909e9c1b350801eebde64b8ed6d747c1fdd72fb2a90b97a41d24cc472d6,1.0,75827.25,0.0,0.0,1.0,0.0,0.0,0.0,0.0,338.25,0.0,0.0
dynacad/2bf148767ceffb373bf3ee794d533ba1756acd94bb0335bbe4ebfc38a2329feb,1.0,51480.0,0.0,0.0,0.0,1.0,0.0,0.0,0.0,0.0,566.25,0.0
dynacad/2ee7b14f5e22452c77597cfdf10dd8e480137590956afd4d3c52b9acf1a9ab6f,1.0,59969.25,0.0,0.0,0.0,0.0,1.0,0.0,0.0,0.0,0.0,4137.75
dynacad/2f927cd1c904ee49944ae87d7314948f2c547355093e3f193d70c4ed4738cccd,1.0,40352.25,0.0,0.0,0.0,2.0,1.0,0.0,0.0,0.0,819.75,2625.75
dynacad/2f9be949d7a829a70d244679e4454750621cd1ba5fa09877b3a28c6a6ba4f5e5,1.0,192739.7284041047,0.0,0.0,0.0,0.0,1.0,0.0,0.0,0.0,0.0,10108.91975980997
dynacad/2ff32af859a4ce4f58ac5042272a45f42031a4a49b64f47f8cc7e83115eb0133,1.0,58522.5,0.0,0.0,1.0,1.0,0.0,0.0,0.0,261.75,890.25,0.0
dynacad/307b8c418caa5a7ef1d834092f1f188b9392d8322bad1e75b34febf495d0ea59,1.0,36017.25,0.0,0.0,1.0,0.0,0.0,0.0,0.0,330.0,0.0,0.0
dynacad/3111f436efb422fee6e1d6a72e2c3ff13c36163ea7b2918a5e467d2996715652,1.0,103365.75,0.0,0.0,1.0,0.0,0.0,0.0,0.0,430.5,0.0,0.0
dynacad/3154715faaf31372aceee2c494a88a00224df87e2f312ed29079a319d91e6d61,1.0,63953.25,0.0,0.0,0.0,1.0,0.0,0.0,0.0,0.0,1087.5,0.0
dynacad/317a34dcd3606b8080a9bcb60cebe087a14e305415756a0b2358f9cddd70c20f,1.0,70467.75,0.0,0.0,0.0,0.0,1.0,0.0,0.0,0.0,0.0,2526.75
dynacad/31e1242427dd312fc7e8c934506af3698c39b59ea717eb8a49ca94c70f271b22,1.0,105686.25,0.0,0.0,1.0,0.0,0.0,0.0,0.0,444.0,0.0,0.0
dynacad/32d2ddf153b4eceddaf9372964fe521dceaec33587766d2fb765146907af8da0,1.0,28508.25,0.0,0.0,2.0,0.0,0.0,0.0,0.0,1138.5,0.0,0.0
dynacad/33988d44b185ee26216e253f4e3b3b4958bcb632a5169d88a0a0bb02518a7c14,1.0,46248.29877483845,0.0,0.0,1.0,1.0,0.0,0.0,0.0,839.6999777555466,884.6999765634537,0.0
dynacad/33c3aeb862bfe854f4291756b2954952c90d23a40a98b9305c2ad94ffbf212cf,1.0,57895.5,0.0,0.0,0.0,1.0,0.0,0.0,0.0,0.0,306.0,0.0
dynacad/36ca0afe6eb333213bfeb3986f42fa68ac0502babfdaa317796d1d24239e0ab0,1.0,179810.10714501143,0.0,0.0,1.0,0.0,1.0,0.0,0.0,697.5000277161598,0.0,1446.3000574707985
dynacad/37204dd5af1c9d8b0266ab726b5ea02e8600ff0b717fea0b39d6d56174845256,1.0,94055.25747483969,0.0,0.0,0.0,1.0,0.0,0.0,0.0,0.0,183.00001454353333,0.0
dynacad/37a653e6405fa645b8e40921da078486b8444509acef303e6e40f0d2eb5eb620,1.0,98731.5,0.0,0.0,1.0,0.0,1.0,0.0,0.0,927.75,0.0,1548.0
dynacad/382fcd6c1453f4211e669670e24e280b0e78ae33f6c4d2f48fbee6a23a8ca0e6,1.0,36849.0,0.0,0.0,1.0,0.0,0.0,0.0,0.0,334.5,0.0,0.0
dynacad/38ab027b1572f01bcd60a0a54ed08b5a525e85183907a50be78d040e99dba878,1.0,69683.25,0.0,0.0,0.0,0.0,1.0,0.0,0.0,0.0,0.0,1646.25
dynacad/390c4aec5ffd37353072cc6c3d1434bff0841a20e4f8a4a7ba17b5487784423c,1.0,73796.25,0.0,0.0,0.0,1.0,0.0,0.0,0.0,0.0,396.75,0.0
dynacad/3956b1ce7b02c80f254043adb5fd1043f71562664c34e8a5f196dcac716a5a55,1.0,40026.0,0.0,0.0,0.0,1.0,1.0,0.0,0.0,0.0,138.0,3388.5
dynacad/39f1e84f019add67b804b15ccda0ca06327548c3e886ff42fccdedd4a9eabf20,1.0,35209.5,0.0,0.0,0.0,1.0,1.0,0.0,0.0,0.0,640.5,1740.0
dynacad/3a54bfc3b85ae35033c318ff0504f21ce89145edc97395d624c4841c36652558,1.0,41508.0,0.0,0.0,0.0,0.0,1.0,0.0,0.0,0.0,0.0,2046.0
dynacad/3af952803ac9ed42e942786e40eb9881ccfcff8826ddff70af35c8c9d5526273,1.0,203551.5,0.0,0.0,1.0,0.0,0.0,0.0,0.0,943.5,0.0,0.0
dynacad/3b0ce908d6782ae97a99c726d4196c0bbcadc1c7c2c76c5bb9200cc3799f57d5,1.0,105314.25,0.0,0.0,1.0,0.0,0.0,0.0,0.0,5061.75,0.0,0.0
dynacad/3b3a8d9022fa9ef05aadb4c409a00ca48b8f08bfd00084ce629add9d0905e22d,1.0,70435.5,0.0,0.0,0.0,0.0,1.0,0.0,0.0,0.0,0.0,1956.0
dynacad/3ba366a80031c2017c8fce29bf638ced74aaf62683b7f50cf798f516ddb01eb8,1.0,100083.75,0.0,0.0,0.0,1.0,0.0,0.0,0.0,0.0,301.5,0.0
dynacad/3bd76babe7e2b228f93a8903a82cb87b5a25f577b0f5672b1a079720dd35f58b,1.0,62666.25,0.0,0.0,0.0,1.0,0.0,0.0,0.0,0.0,378.0,0.0
dynacad/3ce348356504b61e418e07151aa0fe934ff0eaa7b3354db8243bc49ff74ddd11,1.0,60537.0,0.0,0.0,0.0,1.0,0.0,0.0,0.0,0.0,812.25,0.0
dynacad/3d323ade4443588083dcb019da60be779b17ed9a18d88c4a2abdff67d775d939,1.0,64818.25,0.0,0.0,0.0,0.0,1.0,0.0,0.0,0.0,0.0,3424.75
dynacad/3e1f00eb1b1142502e5306f08559354f5450b2460bd627560d920fa8bc4e29e0,1.0,66847.5,0.0,0.0,0.0,1.0,0.0,0.0,0.0,0.0,903.75,0.0
dynacad/3f09fffdaedef6375ce75fbc7c9d3e6c150c5647a4bcc7f1c568360285ed8b55,1.0,60300.745207726955,0.0,0.0,1.0,1.0,0.0,0.0,0.0,1331.9998941421509,216.74998277425766,0.0
dynacad/3f462ed006c2fa379f264707f31923390c94c970d7f21ff8ca54ef261481e898,1.0,49202.25,0.0,0.0,0.0,0.0,1.0,0.0,0.0,0.0,0.0,13543.5
dynacad/403e7563928aa7af962ea0910913daff541d05eb31456597b58bb409a9ae6cfe,1.0,89463.75,0.0,0.0,2.0,1.0,0.0,0.0,0.0,1341.75,423.0,0.0
dynacad/40c46bc15b4cea05935753af83b6b82cc4a3875f8b134bcb65d2d051bef83e8d,1.0,56661.0,0.0,0.0,0.0,1.0,2.0,0.0,0.0,0.0,204.0,1674.0
dynacad/413a194233b3288f0940f21127845e6ad2d5c20e396a5d7c8d2004816c67b29f,1.0,69895.5,0.0,0.0,1.0,0.0,0.0,0.0,0.0,3207.0,0.0,0.0
dynacad/41d74893d0981f0ee7291f20ea59de297a8d017e13fe80184a0c0304f906b269,1.0,45629.25,0.0,0.0,2.0,0.0,0.0,0.0,0.0,696.0,0.0,0.0
dynacad/4205aaea9f02f99d384969c9fb29b3960bab90ec6461a6ca4f999d2f33fb6d26,1.0,133768.5,0.0,0.0,0.0,1.0,1.0,0.0,0.0,0.0,322.5,21267.0
dynacad/4253e09ac619b8d5e748b9066e2296621f0191aba5047ab69555309fdf61ff80,1.0,93037.50739395618,0.0,0.0,1.0,0.0,0.0,0.0,0.0,1408.500111937523,0.0,0.0
dynacad/42859fca6a52bb7f256599912d4aaba52e046b2e61e85e521ca9a472b1aeb26d,1.0,96669.0,0.0,0.0,0.0,1.0,0.0,0.0,0.0,0.0,462.0,0.0
dynacad/42f73cc4e6997af02651099487c378b5a705d74dd32797cfa51d51eb88aa5132,1.0,92944.5,0.0,0.0,0.0,1.0,0.0,0.0,0.0,0.0,507.75,0.0
dynacad/43f8a2c45532e24a29175a7953a863378658638c3552d6986270fc315d9c1d37,1.0,189030.01502275467,0.0,0.0,1.0,0.0,0.0,0.0,0.0,1033.5000821352005,0.0,0.0
dynacad/440c33fe7fb53f84faa1398da420e76b9e7ab1aa12b0a934d5723e7b9b17381f,1.0,59937.0,0.0,0.0,1.0,1.0,0.0,0.0,0.0,207.75,360.75,0.0
dynacad/4692b7a1482c4ed5b2d4193dc8b042edeb5bc5730b50bcc7ac4275e8a3af5b9d,1.0,89071.20353937149,0.0,0.0,0.0,3.0,0.0,0.0,0.0,0.0,2588.400102853775,0.0
dynacad/473d220f443e2660813235786ae8e553671c9e4a412c2c30b9be21ccd98a4503,1.0,36162.75,0.0,0.0,0.0,1.0,1.0,0.0,0.0,0.0,189.0,5257.5
dynacad/47846bb099d82fcf91070b5af8c366626d760ef9cd66514ee55ac174d6f28c5d,1.0,51963.0,0.0,0.0,0.0,1.0,0.0,0.0,0.0,0.0,157.5,0.0
dynacad/4802bf6cdd14b8f021aabfb3863e9691d0663373675d3fe2641f239d49cb923d,1.0,38652.75,0.0,0.0,0.0,2.0,0.0,0.0,0.0,0.0,996.0,0.0
dynacad/48bf596abeb4c6259c8590cbd7a2121af00f6b17cc0173d15aef37831126b536,1.0,53049.75,0.0,0.0,0.0,0.0,1.0,0.0,0.0,0.0,0.0,2610.75
dynacad/48d356f02dec1548202bd0ab8d4da206524b817dbfbc212a8ee0299423fee202,1.0,97746.0,0.0,0.0,1.0,1.0,0.0,0.0,0.0,692.25,1693.5,0.0
dynacad/493064a72d79c7bf2445b7ed41aebd3ae9e99763e079c454d607074e68354d3c,1.0,54368.25,0.0,0.0,1.0,1.0,0.0,0.0,0.0,327.75,669.0,0.0
dynacad/4976315c90ec3f695a7509a2318150cbed0b58465bc34707d0a3f2bdc301de6e,1.0,44132.99649262428,0.0,0.0,2.0,0.0,0.0,0.0,0.0,1450.499884724617,0.0,0.0
dynacad/49cc34dd3ced01c9049464226fb2a567c7852b4ba037fbadbb1866a4ac29cbe3,1.0,99247.5,0.0,0.0,1.0,2.0,0.0,0.0,0.0,485.25,1893.0,0.0
dynacad/4a5946a57de061648706811bd5123c2dce9517009a8f4eec2fc544dc9ad55800,2.0,219529.5,0.0,0.0,0.0,1.0,0.0,0.0,0.0,0.0,2478.0,0.0
dynacad/4aa84f0e4028af035dacee86789abd2c375f8d817fd1aad7ca9674b592b851b4,1.0,92789.25,0.0,0.0,0.0,0.0,1.0,0.0,0.0,0.0,0.0,2817.0
dynacad/4ab0ae2be7c2d98fb0b61dfe2c5fb0b00b3290f119414b2f882b3397cfdd4029,1.0,82176.0,0.0,0.0,1.0,0.0,0.0,0.0,0.0,306.75,0.0,0.0
dynacad/4b126ccc196df80274d3e56a94f1ede6ddee22383f6efa8e19b77e953e40170d,1.0,61802.24508839846,0.0,0.0,1.0,2.0,0.0,0.0,0.0,1043.9999170303345,1136.2499096989632,0.0
dynacad/4b851d59d4df22e52c59507ba12b97ccfb78d9e918e4c6d435f8f250b7478fa4,1.0,72090.0,0.0,0.0,0.0,3.0,0.0,0.0,0.0,0.0,1678.5,0.0
dynacad/4bc2184cb927dc075a1f645a64660d9b2910480e497f9f7669904a321c7374a4,1.0,51215.25407022238,0.0,0.0,0.0,1.0,0.0,0.0,0.0,0.0,1105.5000878572464,0.0
dynacad/4bf75c1731bd916efc79061f0879689c83a1b393efd6fd4836602a22406ab032,1.0,94406.25,0.0,0.0,0.0,1.0,0.0,0.0,0.0,0.0,1086.75,0.0
dynacad/4ce31d6d4d9cf2702669e6946c1c0d9d3b2c61f453b96020c826be6ce36a158e,1.0,40749.75,0.0,0.0,1.0,0.0,0.0,0.0,0.0,824.25,0.0,0.0
dynacad/4cfc99f4640ed4728b5a2e18a9c7a5a9432bd0e732c5f92f53a6e1720a66a768,1.0,72616.49422895908,0.0,0.0,0.0,1.0,0.0,0.0,0.0,0.0,366.7499708533287,0.0
dynacad/4d0ef98e85b657729f86f185fa8c9574de6047d007dc32538abf3a9c24644d8d,1.0,109389.75,0.0,0.0,1.0,0.0,0.0,0.0,0.0,167.25,0.0,0.0
dynacad/4d567d64e94fce5d7124631a1e9c572aab271f6ac473e0a47dd9e8d1b098320e,1.0,64230.75,0.0,0.0,1.0,1.0,1.0,0.0,0.0,878.25,622.5,2051.25
dynacad/4e03c25d80cafc0bac5519be02580832bc86be0478f2a79c409a176dc8770dcc,1.0,137649.73906058073,0.0,0.0,0.0,0.0,1.0,0.0,0.0,0.0,0.0,1371.7498909831047
dynacad/4f30077a236f9a2042e3f4582e704c6c07080200b64cc042de35dc1f11256ce2,1.0,41092.5,0.0,0.0,0.0,1.0,1.0,0.0,0.0,0.0,234.0,9957.0
dynacad/4fc274df3d6ef940c8e2f04563fd8b147f0c1502ac47196a094cadfc56994d88,1.0,65101.5,0.0,0.0,0.0,0.0,1.0,0.0,0.0,0.0,0.0,565.5
dynacad/4fcbd80c14b128f2e3ba8263fc10715f20d0a0d5d057fe9360df24c6e9f7a59f,1.0,94710.75,0.0,0.0,0.0,1.0,0.0,0.0,0.0,0.0,675.0,0.0
dynacad/500433de42c946b3d87ef720c5127b9ee3d10ec18174d92399145663e827234b,1.0,69427.75,0.0,0.0,0.0,1.0,0.0,0.0,0.0,0.0,882.875,0.0
dynacad/513b5b7c54c82c67c71c1bb8ec21627b2ef09dc203866b638522d5b9e77e0eae,1.0,45894.75,0.0,0.0,0.0,1.0,1.0,0.0,0.0,0.0,906.0,20651.25
dynacad/546598a823c5bc7ae8917deedf45fa5705bb32cb958435f105c47985a25d12d4,1.0,162635.2629250884,0.0,0.0,0.0,1.0,0.0,0.0,0.0,0.0,312.75002485513687,0.0
dynacad/54e542afb34ea76ea558c04dc0e3495ce51c6d0eac07e2dbe9efdf2202415cff,1.0,115071.75,0.0,0.0,0.0,1.0,0.0,0.0,0.0,0.0,93.0,0.0
dynacad/559460daf0a8d82adeaa1a601c7e4e22d423ab3794ea750fe3826c9866573a71,1.0,69034.5,0.0,0.0,1.0,1.0,1.0,0.0,0.0,307.5,795.0,1012.5
dynacad/55a2f49e1a73d38c4f65242852a5beebb03c26a4f88780cea86d8175c6effdfe,1.0,137157.75,0.0,0.0,3.0,0.0,0.0,0.0,0.0,6002.25,0.0,0.0
dynacad/55b47497b529767a93774d0131443160ec2636773b2c1d7f54bdf1113c0b39a1,1.0,109257.75,0.0,0.0,1.0,0.0,0.0,0.0,0.0,915.0,0.0,0.0
dynacad/560450182d00a62b39a193faae5376d518dd71b88d3dcd74d08e9272ef0a2ff2,1.0,263941.5,0.0,0.0,2.0,0.0,0.0,0.0,0.0,1641.0,0.0,0.0
dynacad/563dfe975b6b2ec6f2026c565929e8246d052971f5f4df12fa26d9011f201c5c,1.0,91717.5,0.0,0.0,2.0,0.0,0.0,0.0,0.0,1730.25,0.0,0.0
dynacad/5694701c8e288f65a22eff412fd49c29d2c8c5abc12500e9a8d72b180720d5af,1.0,59312.25,0.0,0.0,2.0,1.0,0.0,0.0,0.0,1690.5,318.0,0.0
dynacad/57a142bc20efbda3ec02c3b05e24d3d9ed7f00e7546c29003451b3f37a65a1fa,1.0,49455.0,0.0,0.0,0.0,1.0,0.0,0.0,0.0,0.0,992.25,0.0
dynacad/583effd91096e4a0653323214ed92192c62313f51527c784bbf3cc65bdf6b404,1.0,60879.75,0.0,0.0,1.0,0.0,0.0,0.0,0.0,829.5,0.0,0.0
dynacad/59862522fb5db20a2c3629e1f3a5c21affff8b156bc258235d547b65d0275faa,1.0,45362.25,0.0,0.0,1.0,0.0,1.0,0.0,0.0,573.0,0.0,6777.0
dynacad/59d5742e0c7933b39e12f5f7a8a5b4bf996a6a672696a056632543abbc790a35,1.0,34807.5,0.0,0.0,0.0,1.0,0.0,0.0,0.0,0.0,1041.75,0.0
dynacad/59da6fd6dc98e9ac105805afc850ceca38a8db740531e231ffb3af23415025db,1.0,40636.5,0.0,0.0,0.0,1.0,0.0,0.0,0.0,0.0,340.5,0.0
dynacad/5a8577f08e790ae291d9c34068f14bd98293fb2fa750f7bb4ff922bd4b7918e6,1.0,51344.25,0.0,0.0,1.0,0.0,0.0,0.0,0.0,333.0,0.0,0.0
dynacad/5b919f5cb4a57268a8a0aa2ac8b5a31191c3b5985b8abb67b1f4d17d2c2eed32,1.0,109149.0,0.0,0.0,0.0,0.0,1.0,0.0,0.0,0.0,0.0,1090.5
dynacad/5bd69bcdf3f2eaf0fabcd030a3b9e37ca18d6ce90adf656180efe6436d16562b,1.0,59598.0,0.0,0.0,1.0,1.0,0.0,0.0,0.0,483.75,2511.75,0.0
dynacad/5cd8da79f8e08d4b054870ed6102a013b7675470cf09ba495500463ddf329cea,1.0,75020.25,0.0,0.0,1.0,1.0,0.0,0.0,0.0,630.75,484.5,0.0
dynacad/5d573bfcfee48eec09f5fa3b4a74d053ccec6911f9db2d1c7ee8dad127eea3fc,1.0,88890.0,0.0,0.0,1.0,0.0,0.0,0.0,0.0,254.25,0.0,0.0
dynacad/5d73951bfc445cec341e5601c1ff37fa6a3b2b67f4f6bef4ff15585cfa8b472e,1.0,35209.5,0.0,0.0,0.0,1.0,0.0,0.0,0.0,0.0,1746.0,0.0
dynacad/5d7e9506927da2f2a477d3086e699fa8bb0f2dd66d40cb4f1fb84ee814b80dc8,1.0,87624.75,0.0,0.0,1.0,0.0,0.0,0.0,0.0,1415.25,0.0,0.0
dynacad/5e5baecad3e886a51bc5f9342e03b350f67fad85a119d1db798c65fda1a530f3,1.0,65820.0,0.0,0.0,3.0,1.0,0.0,0.0,0.0,2139.0,683.25,0.0
dynacad/5f0dea94f4cd2a1f810f7961524ebce1ffd314d59647c4ea01143a901d90047e,1.0,60837.0,0.0,0.0,1.0,0.0,0.0,0.0,0.0,1282.5,0.0,0.0
dynacad/62108425e9a9ec1900319f201a2f99388d55ec5b180fcfc56644b19318613647,1.0,49585.47635579109,0.0,0.0,2.0,0.0,0.0,0.0,0.0,773.2496312856674,0.0,0.0
dynacad/623e5ac5e98c38ed6631dfd41d80c7dcd2b669ff6f2db85bb69fdfd52b098c69,1.0,45193.5,0.0,0.0,1.0,2.0,1.0,0.0,0.0,1017.75,399.0,634.5
dynacad/62663de1286257f3da4a97c3c0f8e5f32d32b434b022dca6365ae5f701302d52,1.0,60362.25,0.0,0.0,0.0,1.0,0.0,0.0,0.0,0.0,596.25,0.0
dynacad/62efa67a4f55f8b71249e58b85313a9d7a3f2d79c970797cbd025a6ddbf5d74a,1.0,50892.75,0.0,0.0,0.0,1.0,1.0,0.0,0.0,0.0,129.75,1301.25
dynacad/63857376700e5e2519e94e4c9c5207e988e2a0c9a92b0a3f1546a953c46af5cb,1.0,119687.25,0.0,0.0,0.0,2.0,0.0,0.0,0.0,0.0,2162.25,0.0
dynacad/64c0190af1fafe660ee20446b741abea2df7cdfbe9ae7bbe9d922280bd2447d8,1.0,111900.0,0.0,0.0,1.0,0.0,0.0,0.0,0.0,837.75,0.0,0.0
dynacad/65986a2b2a32a8d34c3c9227ad1911131e29d63c85201f722827c0242e3e6f7b,1.0,52365.75,0.0,0.0,0.0,0.0,1.0,0.0,0.0,0.0,0.0,4922.25
dynacad/65b5e812cc7d228138ce8ede78a8f44251ee61b2654a1376a1c1808afd48f458,1.0,79416.75,0.0,0.0,0.0,2.0,1.0,0.0,0.0,0.0,1335.75,3117.0
dynacad/67f4e4867a1eb58dcf3e1ff04e4514a8fd64b3c26e100f63da29f4fedaf5d1b1,1.0,145209.75,0.0,0.0,0.0,2.0,0.0,0.0,0.0,0.0,1031.25,0.0
dynacad/68bd92a0987d0ff0fe833e1deb3adb17b2488f369ca21ffc640e4877e0b412e6,1.0,124874.25,0.0,0.0,0.0,0.0,2.0,0.0,0.0,0.0,0.0,6481.5
dynacad/69a9bc41d38235a8eb9405cda154dd84fd276c1fbdd52cff7d1bf57addf0c51d,1.0,61202.25,0.0,0.0,1.0,0.0,0.0,0.0,0.0,210.75,0.0,0.0
dynacad/69ac1f7289c6cdfa4eb844511668be7ec28d33bf93c1e48eec45f5bd5f1157c0,1.0,106275.75,0.0,0.0,0.0,1.0,0.0,0.0,0.0,0.0,498.0,0.0
dynacad/6a379fbd2426025f01e403573e56ba2c6c4d2115afe8b4db0aa8eb5c45db8bcc,1.0,56043.0,0.0,0.0,1.0,1.0,0.0,0.0,0.0,132.75,148.5,0.0
dynacad/6b194af7baaf8da186731b7ceb5f03737750f9f6a60e1efce7a3ad2e36b39625,1.0,75495.0,0.0,0.0,1.0,0.0,0.0,0.0,0.0,23973.0,0.0,0.0
dynacad/6c1fe4c81f5144435a1c6fecb3128e915e7c2ea254bab50ca0dbc4b620b72111,1.0,151854.75,0.0,0.0,1.0,0.0,0.0,0.0,0.0,1222.5,0.0,0.0
dynacad/6d38d445b6637657645dff3ded41d89e1ffefe6fbc3492212923cdeaf5162ed4,1.0,90435.75,0.0,0.0,0.0,1.0,0.0,0.0,0.0,0.0,126.75,0.0
dynacad/6d822152be68264072e551fbab88c3c5008fed7c4c2466e8d6e7a3d88c56319f,1.0,120834.25984334946,0.0,0.0,1.0,0.0,0.0,0.0,0.0,665.0729823112488,0.0,0.0
dynacad/6e7929e42b20c096b641092e0b2f897b73759aaa5fc2c6e459ba8a460550d3d1,1.0,34722.0,0.0,0.0,0.0,0.0,1.0,0.0,0.0,0.0,0.0,2050.5
dynacad/6f7f3b1ba691cbf5746fc5aff8dbb098afbc8be34162d5f41b1fa75a3fb2071e,1.0,102987.75,0.0,0.0,1.0,2.0,0.0,0.0,0.0,763.5,898.5,0.0
dynacad/6fbd8dd6117e865f8598c38f29c25677719a1857267fc3525fa8788a7f911f2b,1.0,55703.25,0.0,0.0,1.0,0.0,0.0,0.0,0.0,817.5,0.0,0.0
dynacad/6feb93986618f50da8826fe5cc86285df608df48396db79b82274a57a64688da,1.0,137948.23903685808,0.0,0.0,0.0,0.0,1.0,0.0,0.0,0.0,0.0,3911.2496891617775
dynacad/7193660c9b8151feb3c8bf637b4f6c0fe82b55baaa1f0e4bc326a5303f4f4477,1.0,171630.0,0.0,0.0,0.0,1.0,0.0,0.0,0.0,0.0,447.0,0.0
dynacad/7342bc4ebc95ac420b662477cc401614000b8dbb6935173c958a6b9127ed92db,1.0,81136.5,0.0,0.0,2.0,0.0,0.0,0.0,0.0,1887.75,0.0,0.0
dynacad/75cac9b0f017a056a8d5a88e2905efbedad3b7c622647f168f79ce78ba057f5d,1.0,57266.25,0.0,0.0,0.0,1.0,0.0,0.0,0.0,0.0,1110.75,0.0
dynacad/75e145b9f61449f8b6b91f9765b503539f2eac58edf4251d3e6f1caeda8b9678,1.0,48117.0,0.0,0.0,1.0,0.0,0.0,0.0,0.0,456.75,0.0,0.0
dynacad/75e871f988f7ca604626b0c62ea0d4a1e05a1db78875d647bfe3d10eeeed596c,1.0,66758.24469453096,0.0,0.0,1.0,1.0,1.0,0.0,0.0,173.9999861717224,206.2499836087227,1067.2499151825905
dynacad/7663f045376c4c93a9097548ef4dd935c02314898260457e1fc95b1c03d4f2e3,2.0,225441.74166232347,0.0,0.0,1.0,0.0,0.0,0.0,0.0,1524.75,0.0,0.0
dynacad/77563fdf9dd9640b0d65bd0db41eba33fab0bef46efebfb85fb7be1f77ecb5bd,1.0,122952.75,0.0,0.0,0.0,2.0,1.0,0.0,0.0,0.0,1026.75,4293.75
dynacad/7b304541f5942f4e1632e112f0cd4d124d42b62ecba90ce656a9f3319a168d49,1.0,59019.0,0.0,0.0,0.0,2.0,1.0,0.0,0.0,0.0,1049.25,880.5
dynacad/7d7855dbb8c35445f00455f7e580cb1a6eefa25e4f150af8b6aa3fa36bb3fa51,1.0,82611.0032826662,0.0,0.0,2.0,0.0,1.0,0.0,0.0,3312.0001316070557,0.0,2200.500087440014
dynacad/80a993b975dd38b175757c9abaed2f00af4d531ec60c68b166f76212a37e319a,1.0,61080.0,0.0,0.0,0.0,0.0,1.0,0.0,0.0,0.0,0.0,2128.5
dynacad/80dc398e15e6979f8d9c82745a16393afa2aa93cf2d7196765b63b68d5a453b6,1.0,59499.0,0.0,0.0,0.0,0.0,2.0,0.0,0.0,0.0,0.0,8571.75
dynacad/849b6c36a86fe979e469b07349bd1d2fdc19504e0b058f0bdf2ec0584b972170,1.0,146202.75,0.0,0.0,1.0,0.0,0.0,0.0,0.0,2024.25,0.0,0.0
dynacad/853c8200e26b04da91d0a158a2f0125affaed2cfa0213fb0b5bc8a03c765f52f,1.0,66309.75,0.0,0.0,0.0,1.0,1.0,0.0,0.0,0.0,678.75,1004.25
dynacad/8775c113b43c6c6af69bd1d27e251de11246b0a0d588b8ce43382ba5abef616f,1.0,102631.5,0.0,0.0,1.0,1.0,0.0,0.0,0.0,2214.75,672.75,0.0
dynacad/8a0f55041afccb2ad8434d39fd411fb53d2a57271b5e7635f1054f09ba2ef258,1.0,95061.0,0.0,0.0,1.0,0.0,0.0,0.0,0.0,1258.5,0.0,0.0
dynacad/8a4157eb3ad6e38774012127a89c369e261be4e46f5aacfaa14013d6b0e0b752,1.0,250329.0,0.0,0.0,1.0,0.0,0.0,0.0,0.0,1263.0,0.0,0.0
dynacad/8bcf95ba3790da8a0dc9a9bb72421503438cb948f98522e5d2ecffd9b4d32bea,1.0,99857.99206399918,0.0,0.0,1.0,1.0,0.0,0.0,0.0,1800.749856889248,126.74998992681503,0.0
dynacad/8cbf1afb289eb9f4a9b8e00c7e908212f4ed8ba4a266aa83be54f511aaf3a76a,1.0,55083.0,0.0,0.0,0.0,1.0,0.0,0.0,0.0,0.0,1101.0,0.0
dynacad/8eb0f8e7c7e2a127dd12c50817f4d6e4ba18b788d66354d7b680acd39d847b1d,1.0,51584.25,0.0,0.0,0.0,2.0,0.0,0.0,0.0,0.0,1366.5,0.0
dynacad/8ee4ac09e25b1d29a85c63ee3bb94c4dc4873dee8aae18b8563dbe3a397e5c03,1.0,32276.25,0.0,0.0,0.0,0.0,1.0,0.0,0.0,0.0,0.0,2260.5
dynacad/8f38086b219c4589b3c2c93d227994a1c24a3db2e11a3fc29f42957b483147f9,1.0,123228.75,0.0,0.0,1.0,2.0,0.0,0.0,0.0,259.5,2637.75,0.0
dynacad/908312332c17989488dc15b0cec3c3327cdcca538d896288293ad4f060b7d49b,1.0,289956.75,0.0,0.0,0.0,0.0,1.0,0.0,0.0,0.0,0.0,1575.0
dynacad/9083124580c382f9b276b3f24baa94ea7398ac3c750be66a6b7105121121c144,1.0,57553.5,0.0,0.0,1.0,0.0,0.0,0.0,0.0,749.25,0.0,0.0
dynacad/916f3aaa708a72848cca635d58a9ac15fd6e1191d88197c14e8b4ccbbb48bed2,1.0,63702.75,0.0,0.0,0.0,0.0,1.0,0.0,0.0,0.0,0.0,21200.25
dynacad/91b89b888378346b00ecc5e7711db5e939f323b7ac8504995f21a72c4395e9bd,1.0,161867.25,0.0,0.0,0.0,1.0,0.0,0.0,0.0,0.0,3951.75,0.0
dynacad/930b569825a7af78be950b03282bbaab7af38235d850ae363e8a875971e0d296,1.0,84228.75,0.0,0.0,2.0,1.0,0.0,0.0,0.0,847.5,194.25,0.0
dynacad/93aedbc51834dc730675cb8b1c4861c8fa88f1bbb99e86eb8106e1542051fe00,1.0,95036.25755280256,0.0,0.0,0.0,1.0,1.0,0.0,0.0,0.0,272.25002163648605,3675.0002920627594
dynacad/941c15e8725f4d3fa05d4236ec64dffd823da86048802b83840f0984fc1c6f37,1.0,301089.0,0.0,0.0,2.0,2.0,0.0,0.0,0.0,2418.0,785.25,0.0
dynacad/94eae6e95cbb23774cd58b6d2d057850eaaca038470925cca296eecdfdb218d3,1.0,46494.0,0.0,0.0,0.0,1.0,0.0,0.0,0.0,0.0,659.25,0.0
dynacad/969a4b14296eed152750ad8dcf5cbb26a0ae4fe4eac1cce3b12449aab9f2f25d,1.0,63698.25,0.0,0.0,0.0,1.0,0.0,0.0,0.0,0.0,406.5,0.0
dynacad/96c418c5fc65238718b4a7b3501aca0a3a78248c1aaf79a82a9689b787950dca,1.0,204154.5,0.0,0.0,2.0,0.0,0.0,0.0,0.0,385.5,0.0,0.0
dynacad/970259efc1347fde6803f188fd2b636a9f274b5f22108c2755863933cbae5d22,1.0,95755.5,0.0,0.0,0.0,2.0,0.0,0.0,0.0,0.0,1483.5,0.0
dynacad/974154cda975753da82a9dc96a0272ef5b4e2cc8eb6552b1a4d432a04cf66b1c,1.0,154905.0,0.0,0.0,0.0,1.0,0.0,0.0,0.0,0.0,755.25,0.0
dynacad/9824a0236a2c076a68a85960d0b7a8275ae1e699e9a077dfcf3a2fdef8bb39f9,1.0,113365.5,0.0,0.0,0.0,1.0,0.0,0.0,0.0,0.0,408.75,0.0
dynacad/9914a4a1007e15ce08bbc9ec3db3354da6d0a60f8c8f38a2d92078fdb27e2d59,1.0,91171.5,0.0,0.0,2.0,0.0,0.0,0.0,0.0,2194.5,0.0,0.0
dynacad/9a199f9d768f7b572455006b3986db7af157e662f2c12d9ca32b6a3403d22135,1.0,66554.25,0.0,0.0,1.0,0.0,0.0,0.0,0.0,54.0,0.0,0.0
dynacad/9ccf3dbd69c35a46b06fe141d0ce888ca737de74fff94b9bcb28ebafd3419fb3,1.0,58314.0,0.0,0.0,0.0,1.0,0.0,0.0,0.0,0.0,798.0,0.0
dynacad/9d54ace18b4e662773669b6a6e15b8158e4f67a0559e2cfa7fb9c52a69187f24,1.0,119670.25,0.0,0.0,1.0,0.0,0.0,0.0,0.0,1348.375,0.0,0.0
dynacad/9e78e40bca79ecad3ea4de26b6ec035f9dd9014cda60897bc84518371bde7ba4,1.0,93042.0036971569,0.0,0.0,0.0,1.0,0.0,0.0,0.0,0.0,171.0000067949295,0.0
dynacad/a0679f2feb68ba246267675590d00c134d4fb8b5b742a4ad63663c4b9f04c8c4,1.0,30798.747552335262,0.0,0.0,2.0,1.0,0.0,0.0,0.0,1419.7498871684074,773.9999384880066,0.0
dynacad/a1203da6bab7db5123c7c6ee4d790a7ba8e118b11f56ecf685927380d4f7673d,1.0,28668.75,0.0,0.0,0.0,1.0,2.0,0.0,0.0,0.0,276.0,2370.75
dynacad/a23164843bda9b3e4572e67cc97ce07c50a3af7bb2478f2aa51c1177b610bd07,1.0,84648.75672727823,0.0,0.0,1.0,0.0,0.0,0.0,0.0,981.75007802248,0.0,0.0
dynacad/a31419d4987d53b8ed55941b7afa4d471e7c84f278ede83f8814c2a5ceaf6f91,1.0,46568.25,0.0,0.0,1.0,0.0,0.0,0.0,0.0,452.25,0.0,0.0
dynacad/a3702c5e22e65f0a424174c577129f77e0b959907b5e8757892408cef67fb4b5,1.0,77793.75,0.0,0.0,0.0,3.0,0.0,0.0,0.0,0.0,1827.75,0.0
dynacad/a39397cee64406db719e25400ddb7ef2d905cc32d6211c020c65942120a924a5,1.0,44486.25,0.0,0.0,1.0,0.0,0.0,0.0,0.0,372.0,0.0,0.0
dynacad/a43951c3335b7f62e9692f386fe374f6cd9df0605279f8395bf7586e6db8f95c,1.0,59464.5,0.0,0.0,0.0,2.0,0.0,0.0,0.0,0.0,348.0,0.0
dynacad/a4d4f982b6c153195142f8e596d77c38d07ec8823fecdf7ea155ddcb2cebb190,1.0,49016.25,0.0,0.0,0.0,0.0,2.0,0.0,0.0,0.0,0.0,3622.5
dynacad/a4ea7c4d2353e52698a1076e83fce1c5e0020c8bace91b28d02597ca628d2f38,1.0,28206.0,0.0,0.0,0.0,1.0,0.0,0.0,0.0,0.0,492.75,0.0
dynacad/a6d2663a9544c9d9b3bfb8ebc433fb58e555ff07b7affca7e99d3327ceb9352f,1.0,90900.75,0.0,0.0,0.0,1.0,0.0,0.0,0.0,0.0,271.5,0.0
dynacad/a83b1b5e2ec87720a50aa6c06f9bb16ed037a52b8f055b0f58bf60113bfd17fb,1.0,43784.25,0.0,0.0,1.0,1.0,0.0,0.0,0.0,763.5,1137.75,0.0
dynacad/a9b5fc0359bc55af079df38c18557e24bd8fb6a8870ba2c5cbfef81d171a25ce,1.0,61213.5,0.0,0.0,1.0,1.0,0.0,0.0,0.0,661.5,297.75,0.0
dynacad/aae99bea600c21d9f8d8b966f971cb1a0ebb54488654a618a1bdf8d9625f597d,1.0,44409.75,0.0,0.0,0.0,1.0,1.0,0.0,0.0,0.0,157.5,2016.75
dynacad/ab0d9c2d72de07e038118c27ee3feae9dd561bac77490faae1e4989aa7fdb022,1.0,68529.12966817617,0.0,0.0,0.0,2.0,0.0,0.0,0.0,0.0,559.125038087368,0.0
dynacad/ab9c93482c2d3b381ec5777f1828957be4263c3dc168e7744588c4992e0c391f,1.0,76004.25,0.0,0.0,0.0,1.0,0.0,0.0,0.0,0.0,450.75,0.0
dynacad/ac25dea4c2c9f813f3f5cdc7c0fa08449f07381db359cdc75105990e471a8cbd,1.0,50624.25,0.0,0.0,0.0,1.0,0.0,0.0,0.0,0.0,1326.0,0.0
dynacad/ace3b45cfac0700f7d7d708f836ec0e4b62649954d422d7da06d41c20504b062,1.0,63431.25,0.0,0.0,0.0,1.0,1.0,0.0,0.0,0.0,690.75,2541.0
dynacad/ad0856316461637cf1257c46e7617c60bd4ea5497f3db2191a95f37ad05c3897,1.0,57219.0,0.0,0.0,0.0,1.0,0.0,0.0,0.0,0.0,1053.0,0.0
dynacad/adc88bc9bb391c6241e16125af53e2852e2005aa035ef4296aae7d623ac21b5e,1.0,57077.25,0.0,0.0,0.0,1.0,1.0,0.0,0.0,0.0,240.0,3676.5
dynacad/ae5aa250f1e8c4cf623c764e6465df58eb5c50d0c4df54cbcb7973af21dc054c,1.0,56583.0,0.0,0.0,0.0,0.0,1.0,0.0,0.0,0.0,0.0,1720.5
dynacad/afc06f805474271acd015905064ad2326e88de408221acd6ed73ead8a5c1bcc6,1.0,46052.25,0.0,0.0,0.0,1.0,0.0,0.0,0.0,0.0,1498.5,0.0
dynacad/afcae1a1dfcc54360bdc9b9614cfd417acfd39b24e5541526811984073b28137,1.0,53607.75,0.0,0.0,1.0,0.0,0.0,0.0,0.0,1069.5,0.0,0.0
dynacad/afdf10335e02f49100d1bb586296b72b7b9f5ba4af8a53cbd07a8776f54db630,1.0,45642.0,0.0,0.0,0.0,3.0,0.0,0.0,0.0,0.0,460.5,0.0
dynacad/b0cdd62733a16e48521cf1032e656be02b41e8d98b93b7674ed50efb76503eb6,1.0,58428.75,0.0,0.0,0.0,1.0,0.0,0.0,0.0,0.0,226.5,0.0
dynacad/b16adbb1656c4382417bd09027eb268a3d34bd524371fafbc2212cf45611d237,1.0,41578.5,0.0,0.0,1.0,1.0,0.0,0.0,0.0,335.25,385.5,0.0
dynacad/b22c9055f34522da231bb1ab734b4735927219789d29470dcc096aa858e17635,1.0,171963.75,0.0,0.0,0.0,1.0,0.0,0.0,0.0,0.0,168.0,0.0
dynacad/b2732c9d9c7a72ab37616e2707b86d1587bea403d3f4e4f851186ddb55d8f5da,1.0,92244.0,0.0,0.0,0.0,0.0,1.0,0.0,0.0,0.0,0.0,2001.75
dynacad/b292d33ad8153ed28b4f9a61ecb2391f02e67932ca43c8b9f3758b21f160c01f,1.0,42829.5,0.0,0.0,0.0,1.0,0.0,0.0,0.0,0.0,636.0,0.0
dynacad/b2ae50fdcff9a4937dbd415a0470e775464902d81c69f7b325a18cb9334feb0f,1.0,224978.2678796649,0.0,0.0,0.0,1.0,0.0,0.0,0.0,0.0,2606.2502071261406,0.0
dynacad/b5d3abf776feb65489485cc9cd64090504b05e83d7fea9f8cf2049018fe8756f,1.0,40910.25,0.0,0.0,0.0,1.0,0.0,0.0,0.0,0.0,205.5,0.0
dynacad/b63bee783e0e057fa5156adf267381698eae9167d8146a329d4037b8f80a7755,1.0,66873.0,0.0,0.0,0.0,2.0,0.0,0.0,0.0,0.0,681.0,0.0
dynacad/b68e655ffd904cc3f00ed320fa8b76791a80857153b90f71235ab96e7e71eee4,1.0,66030.00524759293,0.0,0.0,0.0,1.0,0.0,0.0,0.0,0.0,343.5000272989273,0.0
dynacad/b6ac4319920f7dd78236881a651f79fec578c1beaa4b5f5dc91cfc142097090f,1.0,54625.5,0.0,0.0,1.0,0.0,0.0,0.0,0.0,90.75,0.0,0.0
dynacad/b6f01cc70b579e6a7b4623ac8e1e71088ce196cf0a473652f219a67b9be991cc,1.0,64080.0,0.0,0.0,0.0,0.0,1.0,0.0,0.0,0.0,0.0,2606.25
dynacad/b84e8413803b49c4b344592fbf71bb419282dea479255281a42a3c4e26eae1f0,1.0,39951.75,0.0,0.0,0.0,0.0,1.0,0.0,0.0,0.0,0.0,783.75
dynacad/b877925a56aaa00905f491cd42c1e1f782742f2c96f2ae89bcccd1f6bbb8dfc8,1.0,80475.75,0.0,0.0,0.0,0.0,1.0,0.0,0.0,0.0,0.0,17350.5
dynacad/bad31c8cfacbeceba532d2d36202d7a135edcfac1583e8d5473c43bc9bc6823d,1.0,143006.25,0.0,0.0,1.0,1.0,0.0,0.0,0.0,717.75,707.25,0.0
dynacad/bcf1de3cc3d15882825f0f221638d86deaf44d07d9fc8dfae1b38a5f17f6bf6e,1.0,73196.25,0.0,0.0,0.0,1.0,0.0,0.0,0.0,0.0,97.5,0.0
dynacad/bd097a05584e180dcbb28c1e902b759bbb5fb7ee3a99126cfdb689ec8d91d0bd,1.0,78053.25,0.0,0.0,0.0,0.0,1.0,0.0,0.0,0.0,0.0,1287.75
dynacad/bdb90b302ac4ad30eb050e06c39afb352fed92132bf66dd252055f2cbe38bd54,1.0,74220.0,0.0,0.0,1.0,2.0,0.0,0.0,0.0,800.25,456.0,0.0
dynacad/c05fbe5bf2ce76a06d6e0601378ba284ea6de35f4e6affaafd0eb9fc76f0b546,1.0,52658.25,0.0,0.0,0.0,1.0,0.0,0.0,0.0,0.0,2159.25,0.0
dynacad/c060aca9d3a9e3923d0a623bbceab4990a2a2327d2fe82ac502e6dbb42863184,1.0,70010.25,0.0,0.0,0.0,1.0,0.0,0.0,0.0,0.0,861.75,0.0
dynacad/c08885c0c061bd787d033e6e182c407ad097fb2af35ed6f282aef59a8ea32b86,1.0,51020.25,0.0,0.0,0.0,1.0,0.0,0.0,0.0,0.0,652.5,0.0
dynacad/c09329f45b167cbe70ee2a918e307296fdace9ffb93f026c8e1c5fc9a64e9cc7,1.0,85010.25,0.0,0.0,0.0,1.0,0.0,0.0,0.0,0.0,699.0,0.0
dynacad/c0b69632bf6fc10bb7f0dba98227281c76b65afa4b25756d65935d22457acab8,1.0,57962.25,0.0,0.0,0.0,2.0,1.0,0.0,0.0,0.0,394.5,680.25
dynacad/c12a8f28f83bdda91bffe437c16a71dbfc6fab0057475c11a1da06c03d28bca6,1.0,166189.5,0.0,0.0,1.0,0.0,0.0,0.0,0.0,3303.75,0.0,0.0
dynacad/c1d86be923946cb676d2f4f225dbb28d1b8caae4a51b9d8024e7042a926359eb,1.0,95507.25,0.0,0.0,1.0,0.0,0.0,0.0,0.0,625.5,0.0,0.0
dynacad/c207c7ac5401a4b9243fceff14fce75fa85aecd822e58c4867dd5af864e140b5,1.0,71599.5,0.0,0.0,2.0,2.0,0.0,0.0,0.0,987.75,498.0,0.0
dynacad/c29a382dc68b50e46613f232f127e487eec2afe16b779bb3aa0e94e6d11598cc,1.0,92826.9036886096,0.0,0.0,1.0,0.0,0.0,0.0,0.0,1562.400062084198,0.0,0.0
dynacad/c3573ef2c50db73525b6b24f0b7636491a7412b9801b229caa0922470291daef,1.0,56118.0,0.0,0.0,0.0,0.0,2.0,0.0,0.0,0.0,0.0,10908.75
dynacad/c4608313793b6f00520f646641de080c3d0aaca84ab40aa6714e18703024d89c,1.0,69491.25,0.0,0.0,1.0,0.0,0.0,0.0,0.0,957.0,0.0,0.0
dynacad/c5a307132ed6ed65ad43292090ac7fb28468fcee1b016363a812d66db6278fe8,1.0,64882.5,0.0,0.0,1.0,0.0,1.0,0.0,0.0,147.0,0.0,4962.75
dynacad/c5c73ffd3ce1fa279139e2829dcc0bf3d02d7c89c70b9a96717dc445360e4dfd,1.0,143115.75,0.0,0.0,1.0,1.0,0.0,0.0,0.0,535.5,231.75,0.0
dynacad/c6a61c8c1f6df29861f1ce8942ca6d2ace1e70543877332799f0cc4d06dc20aa,1.0,40526.25,0.0,0.0,0.0,2.0,0.0,0.0,0.0,0.0,1662.75,0.0
dynacad/c80e6b426b153bad219928cef984341865c7f6461d9ccaf581653d18540069e5,1.0,151022.25,0.0,0.0,0.0,1.0,0.0,0.0,0.0,0.0,1035.0,0.0
dynacad/c84e04ff6c968a67a5b6cc0a560d02b29dca1decf846e3d2da68a1218fd82e8f,1.0,64075.5,0.0,0.0,1.0,3.0,0.0,0.0,0.0,337.5,1171.5,0.0
dynacad/c89b7a6de3a29e34748ad8efe1e632aa362ae5a81db96321072666f026b12683,1.0,74070.0,0.0,0.0,0.0,1.0,0.0,0.0,0.0,0.0,2424.0,0.0
dynacad/c9654f2fda9d0789e553bbbd347203ef74c446286009e75cef60fedba18e3763,1.0,68012.255405128,0.0,0.0,0.0,1.0,0.0,0.0,0.0,0.0,546.750043451786,0.0
dynacad/ca450b49b3441e04b7c7a6f2916d1316f3f617b852c69439a24d2466351570f6,1.0,82517.25,0.0,0.0,0.0,1.0,1.0,0.0,0.0,0.0,421.5,679.5
dynacad/ccd517aaaaef8cd7100a7b5cd8bafcb1757d41f7911733b682c0057db16214eb,1.0,90234.75,0.0,0.0,0.0,1.0,0.0,0.0,0.0,0.0,2310.75,0.0
dynacad/cddeadfc004c7b653a1aaf09a4ddd05aee65af686aaee323bfc2d25a1081ed82,1.0,38367.75,0.0,0.0,1.0,1.0,1.0,0.0,0.0,468.0,428.25,2676.75
dynacad/ce7342fdaf4d6a523dc11ef8b6d11560ab12b7bb549932e171420fe35dd10e55,1.0,40440.75,0.0,0.0,0.0,0.0,1.0,0.0,0.0,0.0,0.0,1743.0
dynacad/ce7f5b7fec3b3fd84d177fa713faf9acf6ba0dce14940166e5f08efe12622477,1.0,42383.25,0.0,0.0,0.0,1.0,0.0,0.0,0.0,0.0,490.5,0.0
dynacad/ce88ee52692f75ce95a0a8cd8ce8fcf067705417ef3a2d468e1e5f29deb13c88,1.0,45289.49640071392,0.0,0.0,1.0,0.0,1.0,0.0,0.0,910.4999276399612,0.0,2065.4998358488083
dynacad/cf8bbba9926d1a82000ea6d1c4b9d729546de08d0717b76c51d8f8b167326188,1.0,56425.495515704155,0.0,0.0,0.0,1.0,1.0,0.0,0.0,0.0,467.2499628663063,1096.4999128580093
dynacad/d0b5ee49fab3c473c9a3337a4db226bb992805b1f929d8ee7b86b5af5de19ea8,1.0,56783.25,0.0,0.0,1.0,0.0,0.0,0.0,0.0,123.0,0.0,0.0
dynacad/d1d2ff194b60b2f6db25311f7e0d74e0c45b61065abb0eedcedc2bb0d946d9ed,1.0,70328.25,0.0,0.0,0.0,1.0,1.0,0.0,0.0,0.0,375.0,5736.75
dynacad/d223ebbc7f28cd15d01e4729de23cfbdea71cf48ca9ff5bee87845b32cc9a4d8,1.0,62319.0,0.0,0.0,1.0,1.0,0.0,0.0,0.0,864.0,236.25,0.0
dynacad/d25eac91a71a66415172d9a3b6205360db55389b21c2f6903f962329d89d81d2,1.0,78962.99372458458,0.0,0.0,1.0,0.0,0.0,0.0,0.0,750.7499403357506,0.0,0.0
dynacad/d27ff20cf046a4b852b49cb8fa9a4942cb61ed3efe1f2ecaf31a029b3569142b,1.0,75412.5,0.0,0.0,1.0,0.0,0.0,0.0,0.0,849.75,0.0,0.0
dynacad/d3e0cc5b8fd25238d77ed84dbdc0c84eea585c73315dc638d573cf5e32780bfe,1.0,139470.0,0.0,0.0,0.0,1.0,0.0,0.0,0.0,0.0,269.25,0.0
dynacad/d49e74f8e33d363fd57d03cb9895aa952cccc34353efe2374d3c9ee4046aaebf,1.0,48041.24618202448,0.0,0.0,0.0,1.0,0.0,0.0,0.0,0.0,101.99999189376831,0.0
dynacad/d4cd703bd56bc12ba14fa7400b974f8ed51d53a6813d0b6160bcbdfb899ea9e1,1.0,136814.25,0.0,0.0,0.0,1.0,0.0,0.0,0.0,0.0,525.75,0.0
dynacad/d4d05708f87299b0b599a5c4439740d5bfb42b59748e1f4cf6b3dba1835dd42e,1.0,29759.2476349473,0.0,0.0,0.0,1.0,0.0,0.0,0.0,0.0,164.99998688697815,0.0
dynacad/d5276118e6cd3cea893f7dbd89113830acd2a4947998ea93b98fb8f28eb12c02,1.0,92528.25,0.0,0.0,0.0,1.0,0.0,0.0,0.0,0.0,591.75,0.0
dynacad/d52ea31c3b4455cf24a0c9a400109eaddbb2ea18d5820bc56079761dc85188a7,1.0,29709.00236105919,0.0,0.0,0.0,0.0,1.0,0.0,0.0,0.0,0.0,1203.0000956058502
dynacad/d6363dc179246bd70fed585847cdc5e01c6ce5c905ad0f4a9da6f1bb37fbcb89,1.0,90870.0,0.0,0.0,0.0,2.0,0.0,0.0,0.0,0.0,894.0,0.0
dynacad/d669dcc67ffe4ab8e09d17dc877aaebd4d30104319ace685e7bd24ba2a8b0266,1.0,38106.75,0.0,0.0,0.0,0.0,1.0,0.0,0.0,0.0,0.0,2164.5
dynacad/d6c131ce5b7efbfc65aa28223e14d4408f68bf044b0bd301d3df08aba16bc8a6,1.0,26268.75,0.0,0.0,0.0,1.0,0.0,0.0,0.0,0.0,534.0,0.0
dynacad/d72e4ccdc19fe53e4ce60e17a52e37bc14b80b4307c2bb622bf901a1adf1d67a,1.0,95464.5,0.0,0.0,1.0,0.0,0.0,0.0,0.0,615.0,0.0,0.0
dynacad/d78264edee570d95d6c9c9e85021b00d05b647c47ede8f81d5096d382edc8bb7,1.0,61296.75,0.0,0.0,0.0,2.0,1.0,0.0,0.0,0.0,1163.25,2919.75
dynacad/d785c48f505b3be12f2e0a1d696743e103c17f9bb26cc3db827e9e98cd59189a,1.0,73110.00581026077,0.0,0.0,0.0,1.0,1.0,0.0,0.0,0.0,368.2500292658806,889.5000706911087
dynacad/d942a4b9bf7d9a9ffc567bbacd233b058378d4aa01136f2a461a19e861eb3bf4,1.0,65922.0,0.0,0.0,0.0,1.0,1.0,0.0,0.0,0.0,597.0,3369.0
dynacad/da60a9a45aaf232020e86947db04e6f1c59cfa9ee054c17604a0ec063d60cfc2,1.0,50904.75,0.0,0.0,0.0,0.0,1.0,0.0,0.0,0.0,0.0,2178.75
dynacad/da7ed1d6478e1a44f88eba8127a9614be241fd9e1e848cbe7ff498f20ee2546e,1.0,47120.25,0.0,0.0,1.0,0.0,1.0,0.0,0.0,288.75,0.0,2497.5
dynacad/db31a3ad2e4c266ce948b17015d44190878cd77540092778230e1ace60b1bc59,1.0,82351.5,0.0,0.0,0.0,1.0,0.0,0.0,0.0,0.0,200.25,0.0
dynacad/db3dfafd92a11a9bc37ebdd72f2be2c0d577673452ae555afd15e7a8a818528e,1.0,66255.00526547432,0.0,0.0,0.0,0.0,1.0,0.0,0.0,0.0,0.0,3081.7502449154854
dynacad/db7d905eb286a862bcd0223e8d3fdb5b6b24ee6d14d9e5553d57442dc4eb1278,1.0,98766.75,0.0,0.0,1.0,2.0,0.0,0.0,0.0,2109.0,1325.25,0.0
dynacad/dc4a1fb479587c59d500be40d2631c82d7e857db50981a9c9e0728a24d157849,1.0,50577.75,0.0,0.0,0.0,1.0,0.0,0.0,0.0,0.0,951.0,0.0
dynacad/dd772532976b64f68a93dab8bd7f4c405e52ddedab83a2ee7222289b547c85a0,1.0,44823.0,0.0,0.0,2.0,0.0,0.0,0.0,0.0,1197.75,0.0,0.0
dynacad/ddab41b9a43b8f74f287b24d1e82032fc6c46df7067532440f034f4845e06986,1.0,35950.5,0.0,0.0,0.0,2.0,2.0,0.0,0.0,0.0,741.0,1765.5
dynacad/ddd7b165a7c9b09b2b3d42c03556b193720b7adbbeb5495dd47dbeb9727bc947,1.0,82641.75,0.0,0.0,2.0,0.0,0.0,0.0,0.0,478.5,0.0,0.0
dynacad/deabf5c04ea916478a2a8dad4e009a9c4eb415880053fecc96e38c5eb3021a39,1.0,36277.5,0.0,0.0,0.0,2.0,1.0,0.0,0.0,0.0,2648.25,1158.75
dynacad/deb2b870a7580d692f0891742e2d1ff244419743d6353afd9e26e7d6fe29e31b,1.0,62741.25498622656,0.0,0.0,1.0,1.0,0.0,0.0,0.0,612.0000486373901,605.2500481009483,0.0
dynacad/e0862c19e1a729ed8c0a7f1b48860b15c050dc09f2b3ec55a914ca49cc38199b,1.0,103079.25,0.0,0.0,1.0,0.0,0.0,0.0,0.0,362.25,0.0,0.0
dynacad/e134802de86be9e853c7bcfa7785efe191f815eba4e0f0aeeb80621dd79ca678,1.0,70720.5,0.0,0.0,0.0,0.0,2.0,0.0,0.0,0.0,0.0,2609.25
dynacad/e1f0bfa204067a5f5e74b01a75a9176d45ede16751bef61dbc1d430e017ceae5,1.0,145119.0,0.0,0.0,1.0,0.0,0.0,0.0,0.0,285.0,0.0,0.0
dynacad/e267a116b2b856b4a24429671eeab916376d35be72cc14946b57b879ab769035,1.0,62712.75,0.0,0.0,2.0,0.0,0.0,0.0,0.0,1815.0,0.0,0.0
dynacad/e28d92e1ace6cd333692e1a6a0c1bea5e14588e0c9995215fa3b4472863b6b46,1.0,115127.25,0.0,0.0,0.0,1.0,0.0,0.0,0.0,0.0,580.5,0.0
dynacad/e2ca5fff3dc31acb411ce7386b978eb64d9aa4ca8fa652ee623ed479fbab478f,1.0,42792.0,0.0,0.0,0.0,0.0,1.0,0.0,0.0,0.0,0.0,6111.75
dynacad/e4b1bcd8fe59f4aadd8ffc374d2a02027a8e7c2030b8ff8a9cc6e116e8462aca,1.0,37764.75,0.0,0.0,0.0,0.0,1.0,0.0,0.0,0.0,0.0,13060.5
dynacad/e52b4f996edf7c6503af84844beb4a7d39f4cc86a55f2f114e3866f94e5724df,1.0,100437.0,0.0,0.0,0.0,0.0,1.0,0.0,0.0,0.0,0.0,807.75
dynacad/e68a351888a3ebde5cb73a5f2392b4e1554cd0e501d057010ead084b862f09c7,1.0,47151.0,0.0,0.0,1.0,1.0,1.0,0.0,0.0,688.5,414.75,1992.0
dynacad/e692d5811c40da1fcb4f421920f0d87bc6af337299290bdeefdf2c740793c9d3,1.0,90044.25,0.0,0.0,0.0,1.0,0.0,0.0,0.0,0.0,426.75,0.0
dynacad/e829529bd0c8efa88ba158a38ffc0cacb4733b66db6a43ad4399759b62818e11,1.0,69339.0,0.0,0.0,1.0,0.0,0.0,0.0,0.0,327.75,0.0,0.0
dynacad/e82a297f526106aeffa395d33bc92bb53f74a2c846722a3350d2b0edf4521e5e,1.0,88398.75,0.0,0.0,0.0,1.0,1.0,0.0,0.0,0.0,746.25,3040.5
dynacad/e8f47a388f5ee3fd0daaba14ca20d52d67a70208977a433953a52f74f0f5811e,1.0,129165.0,0.0,0.0,2.0,0.0,0.0,0.0,0.0,3047.25,0.0,0.0
dynacad/e905658dfee674871d501972f4b225e2f962a11461b1351ebf16dcfebbb0e1f6,1.0,54343.5,0.0,0.0,0.0,0.0,1.0,0.0,0.0,0.0,0.0,1122.0
dynacad/e9934ea237decb6dee205f89fda032bf6280f8f9f21f8fc820fb0491c357f6de,1.0,36126.75,0.0,0.0,0.0,1.0,0.0,0.0,0.0,0.0,254.25,0.0
dynacad/e9d1c1d03899b739cd462163bad9ab5104a3e135664091487ba2ae59e3fb7c0e,1.0,148560.75,0.0,0.0,0.0,0.0,1.0,0.0,0.0,0.0,0.0,2090.25
dynacad/eb05dd42f5f4b12ac39c30bab2557127494ce70f0ff62fd441c251a4956523f6,1.0,73680.0,0.0,0.0,0.0,1.0,0.0,0.0,0.0,0.0,1422.0,0.0
dynacad/ec029ed3b12de59608442a4f5460df43bcaa6276f90adef3d9fa7cd1b2692bb6,1.0,65650.5,0.0,0.0,0.0,1.0,0.0,0.0,0.0,0.0,2891.25,0.0
dynacad/ed301ad5b26212100b73da7a34e203c9125fff2811a1b143e9ea3af36ec3d193,1.0,67232.25,0.0,0.0,2.0,0.0,0.0,0.0,0.0,1515.75,0.0,0.0
dynacad/f027da79f91be869a5b53b9cd125c56626b28d83c2178d1e0f91231ec131d972,1.0,75109.5,0.0,0.0,1.0,1.0,0.0,0.0,0.0,655.5,465.75,0.0
dynacad/f0b7eb31c7a5309a57bdd1ddf1df80176480b3ec2e522aaf3886956186ce57ff,1.0,34626.0,0.0,0.0,0.0,1.0,0.0,0.0,0.0,0.0,1127.25,0.0
dynacad/f63db65fac40a81574bf369d5665ec0cff18adc169b707c41465c77321dfd892,1.0,51288.0,0.0,0.0,0.0,1.0,0.0,0.0,0.0,0.0,272.25,0.0
dynacad/f6c95004d842893f828a94bd125736710bdd00444724c2790a271de45ab65bab,1.0,115029.75,0.0,0.0,0.0,2.0,1.0,0.0,0.0,0.0,263.25,363.75
dynacad/f74bccc9df751d84ab72c2e5f31464b0c436ec02afc1534d7a2a3567f7323c7e,1.0,79942.5,0.0,0.0,0.0,1.0,1.0,0.0,0.0,0.0,348.75,3192.75
dynacad/f79ce28f26397c9fa5647e83b8d31fcf17dce8e998a8c0f4f4940c1884878b8a,1.0,46134.75,0.0,0.0,1.0,0.0,0.0,0.0,0.0,1945.5,0.0,0.0
dynacad/f7c62d632ab530637f64b0766244b4b5af3c1b6cf6d95937206f04f8380a15b1,1.0,106549.5,0.0,0.0,0.0,1.0,0.0,0.0,0.0,0.0,1148.25,0.0
dynacad/f800c08ed54c5c466b327298c08bc1042dfae35919422e0f1b2b6c5b23d7957c,1.0,83497.4933642149,0.0,0.0,0.0,0.0,1.0,0.0,0.0,0.0,0.0,2471.999803543091
dynacad/f88881759cc432f054124f16e3174ee75909f72de9392a5a7dad129bd0c06bf9,1.0,80952.75,0.0,0.0,0.0,1.0,1.0,0.0,0.0,0.0,509.25,2952.0
dynacad/f8a3fda0ee08532476e4f4d0339d805cd60d4983f54416309e4c9db18e524eae,1.0,87001.493085742,0.0,0.0,1.0,0.0,0.0,0.0,0.0,576.7499541640282,0.0,0.0
dynacad/f8f3cc3c69b2856cd8c145b62f119d75652d725b3af018e3ffaee0a4dbfe3c30,1.0,55632.75,0.0,0.0,1.0,1.0,1.0,0.0,0.0,95.25,128.25,2465.25
dynacad/f959e5f2c8abaa24d1d4fd42a810a20dff58fca276e89974b005cd01454a6606,1.0,60944.25,0.0,0.0,0.0,2.0,1.0,0.0,0.0,0.0,1095.75,3463.5
dynacad/f9756b9f46326fbf51c0c1e5e251f1956f4bd026b43311d296e4f4357eeb8ee4,1.0,96765.0,0.0,0.0,0.0,2.0,1.0,0.0,0.0,0.0,936.75,1194.75
dynacad/f9afa56e36572fc27b5852c070bbf95e572628e6b570fac6af144bfe4e3586c8,1.0,81186.0,0.0,0.0,0.0,1.0,0.0,0.0,0.0,0.0,692.25,0.0
dynacad/fa5d607906a53bd41e88623cd0c4762da5c39c45edd64f822a51d055ee3ba64e,1.0,38822.25308531523,0.0,0.0,0.0,0.0,1.0,0.0,0.0,0.0,0.0,654.0000519752502
dynacad/fa8e73e55fa91184441a78250b5f6c3242140b8e5d22dba993814b85c2cc4480,1.0,46976.25,0.0,0.0,1.0,0.0,0.0,0.0,0.0,372.75,0.0,0.0
dynacad/fb969eb79f1f4e9249f50f9b6d84b7b1994046a5d59818bc0bfecfbeab6ec03f,1.0,60716.25,0.0,0.0,2.0,0.0,0.0,0.0,0.0,810.75,0.0,0.0
dynacad/fcceaa158666369d8c974a073b2123ff9eb6119ad207bec1c627c69b307c3b67,1.0,33338.25,0.0,0.0,0.0,2.0,1.0,0.0,0.0,0.0,375.0,2377.5
dynacad/fd94bc29d8d6cda00a05c5ef914f5b922e5c89c61783853135006159c385f0c8,1.0,71652.0,0.0,0.0,0.0,0.0,1.0,0.0,0.0,0.0,0.0,1202.25
dynacad/fec1ce9123f425291acab2a27af399cf30aa7610912bcbaa9dce263879bc18f1,1.0,116172.75,0.0,0.0,1.0,1.0,0.0,0.0,0.0,4422.0,2172.0,0.0
dynacad/ffe7d0c001e7a7451f8f77dbb3721018170328d78a440bf5e45512568f5c6044,1.0,41280.0,0.0,0.0,0.0,0.0,2.0,0.0,0.0,0.0,0.0,7778.25
PIRADS1/000508994fd25d1ca4d377ba37cd47de9e91fad3bdf4e96160b7c727a924c792,2.0,100177.5,0.0,0.0,0.0,0.0,0.0,0.0,0.0,0.0,0.0,0.0
PIRADS1/00080cad65fdfebb8807bccf0841391c8e922683b8c165c8dbc75e74e128b86f,3.0,226141.5,0.0,0.0,0.0,0.0,0.0,0.0,0.0,0.0,0.0,0.0
PIRADS1/00d809f858eca0299c1967739101a491df80c19dd1a403d01d49bdc6dff048cc,1.0,162447.30645507574,0.0,0.0,0.0,0.0,0.0,0.0,0.0,0.0,0.0,0.0
PIRADS1/012a6d26681db25bb0bd8398390820d219d036d57d6555e6c47884b33042349a,1.0,102471.0,0.0,0.0,0.0,0.0,0.0,0.0,0.0,0.0,0.0,0.0
PIRADS1/018bc63755b489302da6cd15beb5c22c560338b40c5b285e9b75c2611422e624,3.0,312233.25,0.0,0.0,0.0,0.0,0.0,0.0,0.0,0.0,0.0,0.0
PIRADS1/01921c8b183b25ad8e27f3649082c5512be2ea19f5a4f65f0113fe1c4d566b1d,1.0,73384.50583207607,0.0,0.0,0.0,0.0,0.0,0.0,0.0,0.0,0.0,0.0
PIRADS1/01ab082bc3b702cb3366f3653af42ebbbcac33098b71ccb2e9b903496ecd2954,1.0,187161.75,0.0,0.0,0.0,0.0,0.0,0.0,0.0,0.0,0.0,0.0
PIRADS1/048278ffc3a314cad1571650ca448c47a836b27deb21ba505543c711007c3178,1.0,134016.75,0.0,0.0,0.0,0.0,0.0,0.0,0.0,0.0,0.0,0.0
PIRADS1/04878f0c8db80915457d4fe703a973af62e8b5bf64b56478de1e8c92ceb18072,1.0,55274.25,0.0,0.0,0.0,0.0,0.0,0.0,0.0,0.0,0.0,0.0
PIRADS1/051fc69ab7ca099ae97ca2e79b03fe933eb1c944e49191a8246e6a017f57c690,1.0,115243.5,0.0,0.0,0.0,0.0,0.0,0.0,0.0,0.0,0.0,0.0
PIRADS1/072bcffff984741d7ef56eca9f06d2e929c7689c2577f1263d4fefa6ea8ad89d,1.0,70890.0,0.0,0.0,0.0,0.0,0.0,0.0,0.0,0.0,0.0,0.0
PIRADS1/0871e86afdd9099ec221736f77f137782366a8a4d5186745a235eb43926ecfbe,1.0,81223.5,0.0,0.0,0.0,0.0,0.0,0.0,0.0,0.0,0.0,0.0
PIRADS1/0a54f54ed0540624c2c05871ba695a1f64366adf790ff0a3fa98d1171035fa68,1.0,71947.5,0.0,0.0,0.0,0.0,0.0,0.0,0.0,0.0,0.0,0.0
PIRADS1/0acf4d78606929939d207eaceb5076512dffd8cd13b536e3e40176efe83e3dd5,1.0,51854.25,0.0,0.0,0.0,0.0,0.0,0.0,0.0,0.0,0.0,0.0
PIRADS1/0b3e25de420595fdbd5a2cad3314b99f297ddf86e10708d1bbaf9a3b2a771bf3,1.0,83284.5,0.0,0.0,0.0,0.0,0.0,0.0,0.0,0.0,0.0,0.0
PIRADS1/0c23a167ec9a64305e97546f8df3ba1fc9d048c72ded12e2b92ec372e309cb20,2.0,195197.25,0.0,0.0,0.0,0.0,0.0,0.0,0.0,0.0,0.0,0.0
PIRADS1/0db95aac3e619dcfd86545d6b240e89cf6659343666d04dd2d38ce58ebe9828d,2.0,263480.25,0.0,0.0,0.0,0.0,0.0,0.0,0.0,0.0,0.0,0.0
PIRADS1/0e217458233f7f4e65822b29e6170206e8f70803281cc1db12b26f494a7d0ff7,1.0,48825.0,0.0,0.0,0.0,0.0,0.0,0.0,0.0,0.0,0.0,0.0
PIRADS1/0e952495ff8f62752c6efe860ae81cbd937e4787ec90325e20d30b9709733605,3.0,250502.25,0.0,0.0,0.0,0.0,0.0,0.0,0.0,0.0,0.0,0.0
PIRADS1/0fbdcdd45a956482d4a7825ed1f8febd5c9963951e280a409765bb1631deccc8,1.0,58677.75,0.0,0.0,0.0,0.0,0.0,0.0,0.0,0.0,0.0,0.0
PIRADS1/0fc0f9543483d2bfac6c5ba05ba846763091550e8418b2acbbbb9763227be411,1.0,138298.5,0.0,0.0,0.0,0.0,0.0,0.0,0.0,0.0,0.0,0.0
PIRADS1/1036daf88b91e471457dfffef612206ebaf6e81eddca9a75532fa2377f0418ef,1.0,41867.99667263031,0.0,0.0,0.0,0.0,0.0,0.0,0.0,0.0,0.0,0.0
PIRADS1/10b4b71d4c3a05ee87de9ed7cdca8d6e2f425f05740f88a0ba95d04ef21fa107,2.0,135831.0,0.0,0.0,0.0,0.0,0.0,0.0,0.0,0.0,0.0,0.0
PIRADS1/117399842e94ae756906da8ea94513a63ea7216a127dd3a2a749d6ed00c452ff,1.0,146522.25,0.0,0.0,0.0,0.0,0.0,0.0,0.0,0.0,0.0,0.0
PIRADS1/117b7886f33e1eadd56731a1b089d17c4192bf5ebfde3036d49e3f67d2fd8406,1.0,69603.0,0.0,0.0,0.0,0.0,0.0,0.0,0.0,0.0,0.0,0.0
PIRADS1/11b32ea6e5d9d07c805ed7397f12b4ea71a4fbc1b773b416c3722f398a63b99a,1.0,73587.0,0.0,0.0,0.0,0.0,0.0,0.0,0.0,0.0,0.0,0.0
PIRADS1/13252edd3cf8af533b729f564490c17d6b9d4eab985daccf5463cb455c691ad3,1.0,64944.0,0.0,0.0,0.0,0.0,0.0,0.0,0.0,0.0,0.0,0.0
PIRADS1/148ced6e73eb07e210fb7ac2dfaa11cc958590b810bca7bf73308ca41aea19a5,3.0,271090.5,0.0,0.0,0.0,0.0,0.0,0.0,0.0,0.0,0.0,0.0
PIRADS1/17329799272dd4ef1b9a2282d369606c6f504162712fd5bccfc3db9c6b18f7da,2.0,145685.25,0.0,0.0,0.0,0.0,0.0,0.0,0.0,0.0,0.0,0.0
PIRADS1/185b7e263eb497c99fb57e056dc01406f8196404eea7305edf5f2828baa1edab,1.0,69295.5,0.0,0.0,0.0,0.0,0.0,0.0,0.0,0.0,0.0,0.0
PIRADS1/1a9a848daf856207a02d8258abb9b380c51fe1dbe9f61bb8d7bdd9d1dc7ae656,3.0,120052.5,0.0,0.0,0.0,0.0,0.0,0.0,0.0,0.0,0.0,0.0
PIRADS1/1be7489673aa7a9ebf1c3d997e70f5522075afa5b45e10893d3ae0b09577a6f3,1.0,106185.0,0.0,0.0,0.0,0.0,0.0,0.0,0.0,0.0,0.0,0.0
PIRADS1/1c0702aae7aba785d0d2e7e9824afabdb37f534d389a948623dd15141ae6a57a,1.0,115428.0,0.0,0.0,0.0,0.0,0.0,0.0,0.0,0.0,0.0,0.0
PIRADS1/1cd1cc6bd7946956e943d29b808167dd73375125146dbbce7a41ebcf23dd1627,1.0,110933.25,0.0,0.0,0.0,0.0,0.0,0.0,0.0,0.0,0.0,0.0
PIRADS1/1db47e46f09b4d23a442552913eac3b232dfa9b204245dd45b9b5fd05a69535d,1.0,142263.75,0.0,0.0,0.0,0.0,0.0,0.0,0.0,0.0,0.0,0.0
PIRADS1/1e09b7c42e17de6ffc5425256fed0be4951717a6ca8dd488f109dcefef4011d6,1.0,45040.5,0.0,0.0,0.0,0.0,0.0,0.0,0.0,0.0,0.0,0.0
PIRADS1/1e507e886cf385337e2cc1c92726067b44ecaf9a3bd536c14773d925b4a232f4,1.0,59112.0,0.0,0.0,0.0,0.0,0.0,0.0,0.0,0.0,0.0,0.0
PIRADS1/1e7b262f1b4a2eb8191a75c96e6d43003e24baddbadf4221fbb28d92ee46f649,1.0,85491.0,0.0,0.0,0.0,0.0,0.0,0.0,0.0,0.0,0.0,0.0
PIRADS1/1edccf108f895c53f3d5a98e6fbd2075ff0649d0482bfa937bcb8bcf43fa6855,2.0,129448.5,0.0,0.0,0.0,0.0,0.0,0.0,0.0,0.0,0.0,0.0
PIRADS1/20e52cbb0ef1164a0522d50125ee6c70f08dade28de259000411a0b5025fb96e,1.0,52459.5,0.0,0.0,0.0,0.0,0.0,0.0,0.0,0.0,0.0,0.0
PIRADS1/20e63a3467f231477e7f84ddf376debf6be6b871d28057adb84ab62068725129,1.0,61795.5,0.0,0.0,0.0,0.0,0.0,0.0,0.0,0.0,0.0,0.0
PIRADS1/2241c8182d3d2875cc982b5e1a59e6c487c3077f3b9e603e9407d4e418587d42,1.0,56300.25,0.0,0.0,0.0,0.0,0.0,0.0,0.0,0.0,0.0,0.0
PIRADS1/236d122e875a058092353844274d25c05be93fc9dd47896a36b5480d40e12dd4,1.0,46608.0,0.0,0.0,0.0,0.0,0.0,0.0,0.0,0.0,0.0,0.0
PIRADS1/24dc2ab73fa97c0008cfee48a1ccee54f447a056f3b9361f3d5e2a0c98be936a,3.0,488589.75,0.0,0.0,0.0,0.0,0.0,0.0,0.0,0.0,0.0,0.0
PIRADS1/24fdacde50ae4d75707393b24d8079d20aaf7a1d00061b83ac0511e892ed8cbe,1.0,49503.0,0.0,0.0,0.0,0.0,0.0,0.0,0.0,0.0,0.0,0.0
PIRADS1/25a68c00cc2c9281ba49db11c0db199f1716c3a17a88e2d098f0da6d90378d69,1.0,69064.5,0.0,0.0,0.0,0.0,0.0,0.0,0.0,0.0,0.0,0.0
PIRADS1/25d91f9b22520700217de3029003ede084069418e678d6b7809b2850d87eef77,1.0,191976.75,0.0,0.0,0.0,0.0,0.0,0.0,0.0,0.0,0.0,0.0
PIRADS1/278e2905f637df7a9bd83b29398a0a3c24ea7115b9f201da307759a336a988b4,2.0,245262.0,0.0,0.0,0.0,0.0,0.0,0.0,0.0,0.0,0.0,0.0
PIRADS1/27ca02062f348cd6243488b69394621afee34a1831b341e6356765c0ab1ff3ba,1.0,72105.0,0.0,0.0,0.0,0.0,0.0,0.0,0.0,0.0,0.0,0.0
PIRADS1/28873f78d080f84644db1e88c17d195d6c7362ff004dbfc785a0400e1096d0a2,2.0,130719.0,0.0,0.0,0.0,0.0,0.0,0.0,0.0,0.0,0.0,0.0
PIRADS1/2930c2149c7c2f71437eb434521e523c3085ef161a21afa8ea5cb821d9d1affa,1.0,290990.2731258273,0.0,0.0,0.0,0.0,0.0,0.0,0.0,0.0,0.0,0.0
PIRADS1/29c6e16d42bdef8cae4a9e8139ebf872d7e34942f2b79c60b39a6eaf5d876bbb,1.0,48190.5,0.0,0.0,0.0,0.0,0.0,0.0,0.0,0.0,0.0,0.0
PIRADS1/2b356adbe3b5b35a9385f433d68404c1aa53930ded90433437ce628244662634,4.0,277582.5,0.0,0.0,0.0,0.0,0.0,0.0,0.0,0.0,0.0,0.0
PIRADS1/2be759cc9f3b0ec09b78b190913fd88311f146caf2d40b00e06a68cc07a9859d,1.0,63524.25,0.0,0.0,0.0,0.0,0.0,0.0,0.0,0.0,0.0,0.0
PIRADS1/2d7014a4691dfd1ec9ab41d502f051636c6e82819a57204d72a941cb0df6f3bd,1.0,107646.0,0.0,0.0,0.0,0.0,0.0,0.0,0.0,0.0,0.0,0.0
PIRADS1/2d7de5bf4402495c1b0a00a2fded536f80921c084063807f6f1cc52e15539269,1.0,73014.0,0.0,0.0,0.0,0.0,0.0,0.0,0.0,0.0,0.0,0.0
PIRADS1/2e258b1a7671d845f662cd656d33ebcbe1ac2215ce8ebc65cdb1de52d71f965e,1.0,70397.25,0.0,0.0,0.0,0.0,0.0,0.0,0.0,0.0,0.0,0.0
PIRADS1/2f944a3deba6f842b267a0aafec3282e2f85a2a966a7860d2a2dcb42f17a847d,2.0,146826.0,0.0,0.0,0.0,0.0,0.0,0.0,0.0,0.0,0.0,0.0
PIRADS1/2fe929abdf583da59d96cf905fb6529edc53425b79c501950553c7c0f816a08b,1.0,74583.0,0.0,0.0,0.0,0.0,0.0,0.0,0.0,0.0,0.0,0.0
PIRADS1/318f4ebec5f12ff5e4af5118e56669123edcc05391536a74b30fee782428d25f,1.0,54290.25,0.0,0.0,0.0,0.0,0.0,0.0,0.0,0.0,0.0,0.0
PIRADS1/31fe25ce3fdd1fd10e6330851c0e882d6b63db9cc8d4f8884f0dde12dec08b9d,2.0,133063.5,0.0,0.0,0.0,0.0,0.0,0.0,0.0,0.0,0.0,0.0
PIRADS1/3212d180ea6cea5cc028d5e619fb3cdf19444a34e57b98df6cae0a61591a8db4,2.0,258033.0,0.0,0.0,0.0,0.0,0.0,0.0,0.0,0.0,0.0,0.0
PIRADS1/32f14dd28a7c519f67bc0245d6aa982585cb6dddef7248754c964c5484fbd3ed,1.0,61684.5,0.0,0.0,0.0,0.0,0.0,0.0,0.0,0.0,0.0,0.0
PIRADS1/3383262d51da626dde54bf242c82b79321a203b8f727405bb93cd91172ed2244,2.0,96390.29860687256,0.0,0.0,0.0,0.0,0.0,0.0,0.0,0.0,0.0,0.0
PIRADS1/33dfc296d4e457dbe2c9bec609158f52fa497f5815078cb955bb537741535bf1,1.0,106915.5,0.0,0.0,0.0,0.0,0.0,0.0,0.0,0.0,0.0,0.0
PIRADS1/340947ec68d4f86ccac2edb6ed25dbfd25ac00dc3f5c22c0d044f36b2b4d7cee,1.0,78489.75,0.0,0.0,0.0,0.0,0.0,0.0,0.0,0.0,0.0,0.0
PIRADS1/34474b26e2fc39124c8060f9aad80806445a3cb58d998ddc2e503625698481df,1.0,133927.5,0.0,0.0,0.0,0.0,0.0,0.0,0.0,0.0,0.0,0.0
PIRADS1/352c324a694d1d9308676d3e8253168d954df8f98b4a64ee6f05096701983479,2.0,179094.0,0.0,0.0,0.0,0.0,0.0,0.0,0.0,0.0,0.0,0.0
PIRADS1/356a036ed4197c43dfcc0af1bba907c7741a25a1a472e0b13fbd01fb4aff8896,1.0,27985.5,0.0,0.0,0.0,0.0,0.0,0.0,0.0,0.0,0.0,0.0
PIRADS1/388c6b1916410dcd61e9b2d5d3dd8d69980b63cc6fa15e40e5045670399d63db,1.0,77046.75,0.0,0.0,0.0,0.0,0.0,0.0,0.0,0.0,0.0,0.0
PIRADS1/38e6bcab124a0c7be9c850af44ca83642626f5dfcb07526c648f5702143367bb,1.0,67713.75,0.0,0.0,0.0,0.0,0.0,0.0,0.0,0.0,0.0,0.0
PIRADS1/3991bbf20d53798b82a863764c140876ba6be8ff14759e79ef81dcd773cddea8,2.0,147092.25,0.0,0.0,0.0,0.0,0.0,0.0,0.0,0.0,0.0,0.0
PIRADS1/39cae268d0de97fd0b937311a138b9ca493d91cdc64aa687c60ebfbb7229f9b8,1.0,37384.5,0.0,0.0,0.0,0.0,0.0,0.0,0.0,0.0,0.0,0.0
PIRADS1/3a6f0f420dcdbdd353dee6326e223f6ccb925193ff99508584752a950b1a0f7a,2.0,276853.5,0.0,0.0,0.0,0.0,0.0,0.0,0.0,0.0,0.0,0.0
PIRADS1/3b2a10258c711960eb1628a9d0cc2ce74a388263f8754a4ab1e1b74db67d1c3a,2.0,122097.75,0.0,0.0,0.0,0.0,0.0,0.0,0.0,0.0,0.0,0.0
PIRADS1/3e38efba675470a61072d6370ab3624e402d4844648628237a28b8cec66e4e63,3.0,163502.25,0.0,0.0,0.0,0.0,0.0,0.0,0.0,0.0,0.0,0.0
PIRADS1/3f0d092e329ce2a361144726ba83ececeee2a77a5438e2dc200577a6465ccde2,2.0,190635.0,0.0,0.0,0.0,0.0,0.0,0.0,0.0,0.0,0.0,0.0
PIRADS1/3fae423d3eb753727966803fd69948d32391d5a8fcc71e91356e28f8d4e77af2,1.0,64593.75,0.0,0.0,0.0,0.0,0.0,0.0,0.0,0.0,0.0,0.0
PIRADS1/40a3a17e2e79f1d50be840a3f5b6c09414f164abb70335bd8f8ea000649b886e,1.0,95745.75,0.0,0.0,0.0,0.0,0.0,0.0,0.0,0.0,0.0,0.0
PIRADS1/418f1548ca1d1f648b1506095fd6b6ad9c6296ad6d9b2f9af323f211ee2f0e71,1.0,83568.75,0.0,0.0,0.0,0.0,0.0,0.0,0.0,0.0,0.0,0.0
PIRADS1/422e8951e20bfb71f62fbe0238c6dac1562b8f5802eb1ea95f8fc89916c184a3,1.0,89719.2035651207,0.0,0.0,0.0,0.0,0.0,0.0,0.0,0.0,0.0,0.0
PIRADS1/4344c4ff80ce598e6c195a5f3ea67344d43670be3d5629fd020eb7e79b3533b8,3.0,359279.25,0.0,0.0,0.0,0.0,0.0,0.0,0.0,0.0,0.0,0.0
PIRADS1/45743f4e08df1e884dac20905d3079e2eb345705cd7e7a6adc7a0566846c8ba8,1.0,115691.25,0.0,0.0,0.0,0.0,0.0,0.0,0.0,0.0,0.0,0.0
PIRADS1/45d81c38c14940ba95432c9ed9b5fca178955c28ebe41a9fcc5dd4cf2e5c2dc3,1.0,63047.25,0.0,0.0,0.0,0.0,0.0,0.0,0.0,0.0,0.0,0.0
PIRADS1/467edba65f173bf02059d6ef78eb850689af94f511e5988ec3b21476c6684f76,1.0,75198.75,0.0,0.0,0.0,0.0,0.0,0.0,0.0,0.0,0.0,0.0
PIRADS1/4837ed8611c02b362557416bde279a47a98414d50726cc1c7066bc1cd84da34c,1.0,70918.5,0.0,0.0,0.0,0.0,0.0,0.0,0.0,0.0,0.0,0.0
PIRADS1/4932d8c28216b7a5e57cbc14b7070ee14106312bac7023b6345f7ed07a1f800b,1.0,105288.75,0.0,0.0,0.0,0.0,0.0,0.0,0.0,0.0,0.0,0.0
PIRADS1/4945c53d68533bea62a6fe69d75e39d8448dfaf63f0d2f0a82dc8e4e9d8e6f95,1.0,208497.0,0.0,0.0,0.0,0.0,0.0,0.0,0.0,0.0,0.0,0.0
PIRADS1/4b393006d0b6ffdc97f2ea095d2fc44eb51105d940c9abe7becab2a59b9e75e1,1.0,113850.63275545835,0.0,0.0,0.0,0.0,0.0,0.0,0.0,0.0,0.0,0.0
PIRADS1/4f7a963a0d8845f47017ce12db22c89cb15ae8986dd8647deaae07106239a00d,1.0,107065.5,0.0,0.0,0.0,0.0,0.0,0.0,0.0,0.0,0.0,0.0
PIRADS1/4fd8c3c9eb168bfd9ae75bc5dadc007525387db0c104ad58251ceca1018fc6c2,1.0,98104.5,0.0,0.0,0.0,0.0,0.0,0.0,0.0,0.0,0.0,0.0
PIRADS1/514d940236082413128ef8e8a9a6bd543c84cfe5967e72cb872e53ced7da2e61,1.0,108086.25,0.0,0.0,0.0,0.0,0.0,0.0,0.0,0.0,0.0,0.0
PIRADS1/51b48b7faf1ce799ffab17cc59d076e8921d21cf70c731a8fdd427334cd74161,1.0,125090.24005872011,0.0,0.0,0.0,0.0,0.0,0.0,0.0,0.0,0.0,0.0
PIRADS1/51e986d4abfa482de2ef0aab090f8d594117943e1ac775e368e70fc17d9429ab,1.0,93461.25,0.0,0.0,0.0,0.0,0.0,0.0,0.0,0.0,0.0,0.0
PIRADS1/52521b045d9491e650cfb1dcc2eeffb9033e399521ac1a9c739e8932b28a43e2,1.0,51731.25,0.0,0.0,0.0,0.0,0.0,0.0,0.0,0.0,0.0,0.0
PIRADS1/52a15cbf22f2e0c3aef3b481fdf5dd6345e431fc63a5bf21e52a07d8b8799ea6,1.0,255429.3960776925,0.0,0.0,0.0,0.0,0.0,0.0,0.0,0.0,0.0,0.0
PIRADS1/53703d72f570aa5bdb709d80ac10fd28de403317361624a979c0479f752885e4,1.0,62785.5,0.0,0.0,0.0,0.0,0.0,0.0,0.0,0.0,0.0,0.0
PIRADS1/53c7fc8d6d135290c68ebe4d9acd5a7be47532593c28608397fe280a6d7e41f7,1.0,22749.0,0.0,0.0,0.0,0.0,0.0,0.0,0.0,0.0,0.0,0.0
PIRADS1/549d65f2feb97f2d2156ce6854275cea7d4f0b6943a67b1c313e5a7cae874450,1.0,97875.0,0.0,0.0,0.0,0.0,0.0,0.0,0.0,0.0,0.0,0.0
PIRADS1/54f8a318a3463b43cde50deb1b6d015023143aacbbebc451a6022ccf98bc74cd,1.0,129747.75,0.0,0.0,0.0,0.0,0.0,0.0,0.0,0.0,0.0,0.0
PIRADS1/55bfd3617badbcfc5e22adef57c9d5bbc7cd57f5dfd84f9cbf109b578da6167e,1.0,23567.251872956753,0.0,0.0,0.0,0.0,0.0,0.0,0.0,0.0,0.0,0.0
PIRADS1/5643639794f36acf8c063a54016636a6a4eee9bdd053959c56a206664594ae53,2.0,241824.00549656153,0.0,0.0,0.0,0.0,0.0,0.0,0.0,0.0,0.0,0.0
PIRADS1/570861400a4e865ca01d772b3a78b6fb14ec1fe915342cb024e6d09130767237,1.0,115708.5,0.0,0.0,0.0,0.0,0.0,0.0,0.0,0.0,0.0,0.0
PIRADS1/577bb77a05d65c6bf211763a25dd203706d649d5055db3c956641008d357cda0,1.0,85505.99320459366,0.0,0.0,0.0,0.0,0.0,0.0,0.0,0.0,0.0,0.0
PIRADS1/5786c9ecef3d1c202882985f28e41c14ec8f3c7fc375ded0aecc9441c68df6ab,1.0,113434.5,0.0,0.0,0.0,0.0,0.0,0.0,0.0,0.0,0.0,0.0
PIRADS1/583cff0308b2d86ea47b96a571c28c879c268fcf51442c858095ff89eb91203d,1.0,73053.0,0.0,0.0,0.0,0.0,0.0,0.0,0.0,0.0,0.0,0.0
PIRADS1/5840012de280fa2b74816a02de783f1ee4831150c02f4647d180553e2e4577ab,1.0,143903.25,0.0,0.0,0.0,0.0,0.0,0.0,0.0,0.0,0.0,0.0
PIRADS1/58f5d0a4179554d484a3efe098451fe7ff7a58180766a17fd514488c5d6ef452,1.0,86425.5,0.0,0.0,0.0,0.0,0.0,0.0,0.0,0.0,0.0,0.0
PIRADS1/58fe7bed183a16df8cf22cc03c6f90972419770e8af07a4d85e5430370318ece,1.0,123621.75,0.0,0.0,0.0,0.0,0.0,0.0,0.0,0.0,0.0,0.0
PIRADS1/5ad6c52534613e109b22fc702cb00bfe3d452dc82a5ab9d7129e7a13ae1d9160,1.0,95112.75,0.0,0.0,0.0,0.0,0.0,0.0,0.0,0.0,0.0,0.0
PIRADS1/5b2fc1da90347d3338e8fa8c9121fac55d387cea547a6c985c4bbfae6e64bf56,1.0,147599.25,0.0,0.0,0.0,0.0,0.0,0.0,0.0,0.0,0.0,0.0
PIRADS1/5b38abfc305165ada9aa66465a97664c6e0797d60c11f775d7c9a7f22ae54d80,1.0,54244.5,0.0,0.0,0.0,0.0,0.0,0.0,0.0,0.0,0.0,0.0
PIRADS1/5b59a48ff6d6d62d2828697ab4d8e195ee50ce8fcd8b53773e1cbd4691c40687,1.0,85624.5,0.0,0.0,0.0,0.0,0.0,0.0,0.0,0.0,0.0,0.0
PIRADS1/5bcf6622affb082da0c54ff7c5787133ed60210fe49243a0bbe5efbdcbb48069,2.0,116343.75,0.0,0.0,0.0,0.0,0.0,0.0,0.0,0.0,0.0,0.0
PIRADS1/5c5d541d9ed326a65f18459540e57cb15eae404aa1453b9624c1354a3a123d3b,1.0,118974.37063604593,0.0,0.0,0.0,0.0,0.0,0.0,0.0,0.0,0.0,0.0
PIRADS1/5e64656b2ce8b71f375c052228670d3468fc772ab54ccc871e939631b80629ce,2.0,286949.9887534976,0.0,0.0,0.0,0.0,0.0,0.0,0.0,0.0,0.0,0.0
PIRADS1/5e80749ab9c84bcdf092d40c4172568a6d2f6aeaa0874656e96ba9cfe5d9d8c4,1.0,133426.5,0.0,0.0,0.0,0.0,0.0,0.0,0.0,0.0,0.0,0.0
PIRADS1/5ed65eaf60e7b0444676a8fc13704b029abff3dec16c42d9e0cfb0bcf1fc7f3d,1.0,60885.0,0.0,0.0,0.0,0.0,0.0,0.0,0.0,0.0,0.0,0.0
PIRADS1/5ee87b8bfe40f424db0f4cc06f6478c592ecca90a12d93e468f5aa977646ca2b,1.0,50027.24602419138,0.0,0.0,0.0,0.0,0.0,0.0,0.0,0.0,0.0,0.0
PIRADS1/5f17f44ecfa255846c3088e2eb70d97161012f26d073ff72c5d0199a64316dd3,1.0,65563.5,0.0,0.0,0.0,0.0,0.0,0.0,0.0,0.0,0.0,0.0
PIRADS1/607629c7e7f3f6a7164cfac532d6a0fe30c60dda881bfb888b068194d954b7ad,1.0,171488.25,0.0,0.0,0.0,0.0,0.0,0.0,0.0,0.0,0.0,0.0
PIRADS1/620e2d87d03381f88f449dd17d7720d7b8722655c3881d0e71032425e627a874,3.0,167393.25,0.0,0.0,0.0,0.0,0.0,0.0,0.0,0.0,0.0,0.0
PIRADS1/62998c86a056552290b6ecd0141f32d90d4bfefcea798b76ff8466f7ba2a2c53,1.0,62396.25,0.0,0.0,0.0,0.0,0.0,0.0,0.0,0.0,0.0,0.0
PIRADS1/632e1a3c26c2499eb3497abefb7ed1f6391b2cfd64fb6a587ad8bccd0fb2073f,2.0,263355.75,0.0,0.0,0.0,0.0,0.0,0.0,0.0,0.0,0.0,0.0
PIRADS1/661867760d1278bd1b2b1523fcbe876ef2c66f428ba6ef52ff180910b6da6e9b,1.0,70953.0,0.0,0.0,0.0,0.0,0.0,0.0,0.0,0.0,0.0,0.0
PIRADS1/66e6f82093ea9762d3c4131fb18f7e313990c29c9109ec9502829505897f39cc,3.0,121944.75,0.0,0.0,0.0,0.0,0.0,0.0,0.0,0.0,0.0,0.0
PIRADS1/678e3f746d87834153ae39fbbd88ac42f0b657b5b04c9b81b29403402d09cb0f,2.0,158433.0,0.0,0.0,0.0,0.0,0.0,0.0,0.0,0.0,0.0,0.0
PIRADS1/685ef6d85f0fdfbfc927c90bb2b0a6a6ca77c5c11877a32f5989a8529d8872e4,1.0,121846.5,0.0,0.0,0.0,0.0,0.0,0.0,0.0,0.0,0.0,0.0
PIRADS1/68f0bb7728b5fe947739d3eb839a512cadcf2ff384003f2505243584dba39c81,1.0,97371.0,0.0,0.0,0.0,0.0,0.0,0.0,0.0,0.0,0.0,0.0
PIRADS1/6957b182a1272333095b531dd6edb44cdfadf8c0bd7be873678969c258e37cca,2.0,121503.74826562405,0.0,0.0,0.0,0.0,0.0,0.0,0.0,0.0,0.0,0.0
PIRADS1/6a1a3b30c5b2fc3a82bec3d3e2c526b6d42ebc420f6e071c0ec4d42bd7d58f83,1.0,61760.25,0.0,0.0,0.0,0.0,0.0,0.0,0.0,0.0,0.0,0.0
PIRADS1/6a6e52f748626b8bbd8964ff5787bb21656ceb176f70ae421da04d7fb043568a,3.0,207505.5050241351,0.0,0.0,0.0,0.0,0.0,0.0,0.0,0.0,0.0,0.0
PIRADS1/6dd6479eccec2a27df3b7f2e8cf9e825052274695778658e3c82e171a097a86a,1.0,119650.5,0.0,0.0,0.0,0.0,0.0,0.0,0.0,0.0,0.0,0.0
PIRADS1/6deab343deed77bb3c192915d40bc7d79223286050e074dd667eb2ac132e3d43,1.0,65533.5,0.0,0.0,0.0,0.0,0.0,0.0,0.0,0.0,0.0,0.0
PIRADS1/6f2c44ee8f0cb609d5ad4a38ae685673eb5978ab1c6c097e429ac079f0e204f0,1.0,132637.5,0.0,0.0,0.0,0.0,0.0,0.0,0.0,0.0,0.0,0.0
PIRADS1/704ffe61cace347ae222d52c90f15fef77805fa9e88d409ccae8b6dc99d59b00,2.0,241686.75,0.0,0.0,0.0,0.0,0.0,0.0,0.0,0.0,0.0,0.0
PIRADS1/70bc8bf8a4e67d5d74f6d2ab44bd08d10631fb812f2b47ae4d718c5b43f9b29c,3.0,315917.25,0.0,0.0,0.0,0.0,0.0,0.0,0.0,0.0,0.0,0.0
PIRADS1/741e007316da40d679ed9197b42f2c036d76142eed49278a747b4a8b552fecfe,1.0,107484.0,0.0,0.0,0.0,0.0,0.0,0.0,0.0,0.0,0.0,0.0
PIRADS1/7513750e8ef3fa70fc3280ddcd3419c9d232f9d258a043cb1c5368076b989345,1.0,55737.75,0.0,0.0,0.0,0.0,0.0,0.0,0.0,0.0,0.0,0.0
PIRADS1/7538bc3405740a829503c4002c094f8ecd3cfc37f7dc04cf38797b435d06d4aa,1.0,117118.50930774212,0.0,0.0,0.0,0.0,0.0,0.0,0.0,0.0,0.0,0.0
PIRADS1/7572062680a4fea9e70e2d74b6f089de579e31f86c568c9197f2ea0cee7b86a0,1.0,83746.5,0.0,0.0,0.0,0.0,0.0,0.0,0.0,0.0,0.0,0.0
PIRADS1/762745a856db28db215810a5f7630cf86782b469f277bbdf6a37a1f4346632a3,3.0,274698.75763475895,0.0,0.0,0.0,0.0,0.0,0.0,0.0,0.0,0.0,0.0
PIRADS1/7660563ff230966e4e2ab6880a2a842cfeb2403f55591ccd3aeec91d255eea32,1.0,104352.75,0.0,0.0,0.0,0.0,0.0,0.0,0.0,0.0,0.0,0.0
PIRADS1/76b04677589dbebcf1858350d40c49b7c8d1a33af362be72941c6623ea503089,2.0,171407.25,0.0,0.0,0.0,0.0,0.0,0.0,0.0,0.0,0.0,0.0
PIRADS1/78171cf0aaa61f85d9ed0148fc2f4457b204b5ee368a669efb5478640d5c164e,2.0,119291.3979601264,0.0,0.0,0.0,0.0,0.0,0.0,0.0,0.0,0.0,0.0
PIRADS1/7897ea42f85ff48b3214a31141e85b5c71e458cc211f9e0a5feb8e426ee7c199,1.0,87882.75,0.0,0.0,0.0,0.0,0.0,0.0,0.0,0.0,0.0,0.0
PIRADS1/794c325cb02c72afb34cace89e1591aa42ade750590bb446305e61a79e82fe1b,1.0,156718.7958483696,0.0,0.0,0.0,0.0,0.0,0.0,0.0,0.0,0.0,0.0
PIRADS1/7c24d7f031d1934d1764be1132f1b080ec79f45d3d7a831185bd13a4b5bb22dc,1.0,113925.75,0.0,0.0,0.0,0.0,0.0,0.0,0.0,0.0,0.0,0.0
PIRADS1/7c7b1a4c47e7eaf8a805dd54b0d153d82eda35653a3a53dd44c5456ee653cec6,2.0,157533.0,0.0,0.0,0.0,0.0,0.0,0.0,0.0,0.0,0.0,0.0
PIRADS1/7d255ab61498035934644826d4d5b4179c906db455a92ea6c986ad4f3ff3f41d,1.0,84498.30335766077,0.0,0.0,0.0,0.0,0.0,0.0,0.0,0.0,0.0,0.0
PIRADS1/7d612d4184e95db1dee9708a683487f2e3d063a54b0716352a22f0323951a439,1.0,54829.5,0.0,0.0,0.0,0.0,0.0,0.0,0.0,0.0,0.0,0.0
PIRADS1/7d8464716dc741504b64dca4a0ae4c35a0b81c121de8abd85baaf6b80945c693,1.0,81873.74349325895,0.0,0.0,0.0,0.0,0.0,0.0,0.0,0.0,0.0,0.0
PIRADS1/7d9ca25eccbfc655b7cdd742bffc116ec3012e97863ab447eb635955001a8ca8,1.0,125182.5,0.0,0.0,0.0,0.0,0.0,0.0,0.0,0.0,0.0,0.0
PIRADS1/800baca7a69424d47f7a84e436a38bdd9069e39702ffb8f037dc28c9ccea23e6,1.0,71940.75,0.0,0.0,0.0,0.0,0.0,0.0,0.0,0.0,0.0,0.0
PIRADS1/81570b7d73f820446c82c5955d37059fd0fc2797d6ea7a7c2e2aede7bdbcb0fa,1.0,142935.75,0.0,0.0,0.0,0.0,0.0,0.0,0.0,0.0,0.0,0.0
PIRADS1/819f1b3b00aa154e473e6501333df479389e7bc865061f55f91b82069903a70b,2.0,166941.75,0.0,0.0,0.0,0.0,0.0,0.0,0.0,0.0,0.0,0.0
PIRADS1/81c0a2430c7c9c2b5ae88f99fc718b87f4a19533e74df7ccb49fe4abd20e86dc,1.0,31085.997529506683,0.0,0.0,0.0,0.0,0.0,0.0,0.0,0.0,0.0,0.0
PIRADS1/82c327254a9e308db93502512c04f34af248c0154e0c11d50d8b303d5251f797,1.0,198809.25,0.0,0.0,0.0,0.0,0.0,0.0,0.0,0.0,0.0,0.0
PIRADS1/834f2cb1c4c78caa7df9be525e2212da270d1b7aee91eca470861a813523fe8a,1.0,275522.25,0.0,0.0,0.0,0.0,0.0,0.0,0.0,0.0,0.0,0.0
PIRADS1/839c866939c3c1fff2121418b192ee33c7d033658c33199defa1ddfe5cb1a195,1.0,56052.75,0.0,0.0,0.0,0.0,0.0,0.0,0.0,0.0,0.0,0.0
PIRADS1/83a82098b3336cb644bf047845f9c36c80ed6be18d17bd3c7ce83e8c8cf40c9c,1.0,70452.75,0.0,0.0,0.0,0.0,0.0,0.0,0.0,0.0,0.0,0.0
PIRADS1/84a625cb1a7b57781e1afc831e313e32ef48c4586922cf2def127f90236afc08,1.0,12390.0,0.0,0.0,0.0,0.0,0.0,0.0,0.0,0.0,0.0,0.0
PIRADS1/84f89e4f5fa262048d953ac42321ab63b773fa4ad780a6491f012e07500dd801,2.0,86656.5,0.0,0.0,0.0,0.0,0.0,0.0,0.0,0.0,0.0,0.0
PIRADS1/86a1e032971c3f91df1e7d71cd34f4a1b885827e27b932cd91437026a63fe17f,2.0,271560.0,0.0,0.0,0.0,0.0,0.0,0.0,0.0,0.0,0.0,0.0
PIRADS1/87531cbc1c2ed1cedd945ffbdac25f27b835a13167099a6a1e0e907ab1b44b7b,1.0,79239.75629740953,0.0,0.0,0.0,0.0,0.0,0.0,0.0,0.0,0.0,0.0
PIRADS1/88053cfa5589f465eeccc799ef60ea238630e67835b51ddf7070d8fd0528779c,1.0,54714.0,0.0,0.0,0.0,0.0,0.0,0.0,0.0,0.0,0.0,0.0
PIRADS1/88d80bf4f13608b2df8657fd8aec376683269e8d0bc19a81ac6cc445cdecef55,1.0,45549.0,0.0,0.0,0.0,0.0,0.0,0.0,0.0,0.0,0.0,0.0
PIRADS1/8a73b6d3f81420dc33b810e3120efc140cdaf377c961182ef1dd297f10401852,1.0,113076.75,0.0,0.0,0.0,0.0,0.0,0.0,0.0,0.0,0.0,0.0
PIRADS1/8ac5272bfb3488c08de782bd8a0f5f080c2e661e12be95a3e6d0ebe0fbe8f12f,1.0,72302.40287303925,0.0,0.0,0.0,0.0,0.0,0.0,0.0,0.0,0.0,0.0
PIRADS1/8ae5f4c1698a420c6f77e422ee778edb362fedc85ed9f0edc01a993bbf26c0c1,2.0,187697.25,0.0,0.0,0.0,0.0,0.0,0.0,0.0,0.0,0.0,0.0
PIRADS1/8baff81e75db66e7fe2f2d361920546644f8c1d1429a37745115a3042373215b,1.0,161018.25,0.0,0.0,0.0,0.0,0.0,0.0,0.0,0.0,0.0,0.0
PIRADS1/8d6ecc059e335477ea3265b36f6639259031b9b528a7e1d69ba89db60f828f3c,1.0,106105.5,0.0,0.0,0.0,0.0,0.0,0.0,0.0,0.0,0.0,0.0
PIRADS1/8d9b179a425d20c509ce9423fe35c139e2eb9a441e8cf0a98497a110a76770a0,1.0,98229.0,0.0,0.0,0.0,0.0,0.0,0.0,0.0,0.0,0.0,0.0
PIRADS1/8dac68cc4d132eca2c423c66c93bd469f50b4645725cb6ef2d3a0495f1fa4f0d,1.0,51001.202026605606,0.0,0.0,0.0,0.0,0.0,0.0,0.0,0.0,0.0,0.0
PIRADS1/8db2f5c471b27706ad5deac59fe737c90f1c43d3741577648af4ec5b243f9d27,1.0,169511.25,0.0,0.0,0.0,0.0,0.0,0.0,0.0,0.0,0.0,0.0
PIRADS1/8e30901e0bec91401d29715c35d0de11d0d43f52d1d9b0fc54d23b9c7bda2835,1.0,72321.0,0.0,0.0,0.0,0.0,0.0,0.0,0.0,0.0,0.0,0.0
PIRADS1/9057b41670c386a352fe385448ae2a5f09aba18edc6ba4da3555d41896f83c33,2.0,156273.0,0.0,0.0,0.0,0.0,0.0,0.0,0.0,0.0,0.0,0.0
PIRADS1/9088b6763ccbd6f0e398239845fd7a643b4ecee816b8229466cf8921cc6d7fa1,1.0,42427.5,0.0,0.0,0.0,0.0,0.0,0.0,0.0,0.0,0.0,0.0
PIRADS1/92e5601f8fc3b4bd6188a94ad39c0252f5673a28b5aa457027b4319ee7bc4166,2.0,146484.75,0.0,0.0,0.0,0.0,0.0,0.0,0.0,0.0,0.0,0.0
PIRADS1/947b2eec29d593db7de8280c840d24c2c82d668a84beaa16a3117fb29976ebce,2.0,45972.0,0.0,0.0,0.0,0.0,0.0,0.0,0.0,0.0,0.0,0.0
PIRADS1/953be709a64351d2f511331e90033b30429ad9d9a5cfbfe08a19e68303cb7099,2.0,157653.7568910122,0.0,0.0,0.0,0.0,0.0,0.0,0.0,0.0,0.0,0.0
PIRADS1/95c516b99ac4e5cd1db2602b400476bbf602b26b777067ce711bb5c1b245ee83,1.0,69796.5,0.0,0.0,0.0,0.0,0.0,0.0,0.0,0.0,0.0,0.0
PIRADS1/95de58ea1ee299ce79e68ea636451641ebd6c648915824d3a4e5df4d6dd89e94,1.0,72920.25,0.0,0.0,0.0,0.0,0.0,0.0,0.0,0.0,0.0,0.0
PIRADS1/9617cd2a2f3da8e1ca83f108927d44bec56d40a8043dc470168ea5c28e63271c,1.0,61030.5,0.0,0.0,0.0,0.0,0.0,0.0,0.0,0.0,0.0,0.0
PIRADS1/96be80754571ad6311afd935c488fecf9eeed0fbc808f500113aa1b97373bfe4,1.0,86085.75684148073,0.0,0.0,0.0,0.0,0.0,0.0,0.0,0.0,0.0,0.0
PIRADS1/9a132004a8b68a5b18ef0673bdcbf151ba9eab05fc9e63b9978f44ba6ca6d7ef,1.0,91554.75,0.0,0.0,0.0,0.0,0.0,0.0,0.0,0.0,0.0,0.0
PIRADS1/9a711389477ae2dfc2daf75594514789fb78d87fb816f6efabe0c5a2b2c0ab77,1.0,143082.75,0.0,0.0,0.0,0.0,0.0,0.0,0.0,0.0,0.0,0.0
PIRADS1/9aa6774ceaf133c491cc9ab4ed48ebc6d8099489327376f3cb30ce4c913c4135,1.0,47723.25,0.0,0.0,0.0,0.0,0.0,0.0,0.0,0.0,0.0,0.0
PIRADS1/9aecd486ddf202c63afab03be27295985147cfb9d016875ac5ec0fd42da411a1,1.0,62778.75,0.0,0.0,0.0,0.0,0.0,0.0,0.0,0.0,0.0,0.0
PIRADS1/9d53681723859f0dfb0689d610f2991c2cb3b3f7fd882f78ad208bfad97fd4d7,1.0,56766.75,0.0,0.0,0.0,0.0,0.0,0.0,0.0,0.0,0.0,0.0
PIRADS1/9d60227b3776a08dc159890b3ad56b49631a7e94bfc09ac705f36adb9143f55a,1.0,45758.70181828737,0.0,0.0,0.0,0.0,0.0,0.0,0.0,0.0,0.0,0.0
PIRADS1/9e118fc1a182e880b8b155eecf3cfc3ff2588155304ff345400a2949c21d1f65,1.0,159858.75,0.0,0.0,0.0,0.0,0.0,0.0,0.0,0.0,0.0,0.0
PIRADS1/9e56722592866d7052db07b77d140ecb3a21980b262284fb2afbc60a151c8541,2.0,342663.0,0.0,0.0,0.0,0.0,0.0,0.0,0.0,0.0,0.0,0.0
PIRADS1/9fd4ae8c13ed3e2c1a6430ddfdd1d3fe4d5960832d8b6927b22a2e7daa1ee94b,1.0,144218.25,0.0,0.0,0.0,0.0,0.0,0.0,0.0,0.0,0.0,0.0
PIRADS1/a1a2afbf4631e3a22679d0d5d01a2fd914bc2f03a8ec26057171f4036d5be832,1.0,38458.79898118973,0.0,0.0,0.0,0.0,0.0,0.0,0.0,0.0,0.0,0.0
PIRADS1/a238ba4af64caf1ab88e62f8ae0af3b14ab9f77f078ea6c1626157025a4c7bc2,1.0,139338.0,0.0,0.0,0.0,0.0,0.0,0.0,0.0,0.0,0.0,0.0
PIRADS1/a25985f4efdeef151ae0603d7199c8459d275de5791b24e877b8f47de9e8aa21,1.0,70593.0,0.0,0.0,0.0,0.0,0.0,0.0,0.0,0.0,0.0,0.0
PIRADS1/a3bd3e3773c15580f74b72d31c30cad168c624896204ca84802e9e45098bf856,1.0,133794.75,0.0,0.0,0.0,0.0,0.0,0.0,0.0,0.0,0.0,0.0
PIRADS1/a3d0eda1efa72864d0ae17c47e6fd1ea6dd54eb0b55758c7d58b4d17da7bf69c,1.0,119558.25,0.0,0.0,0.0,0.0,0.0,0.0,0.0,0.0,0.0,0.0
PIRADS1/a3e150cba2bcc74c78f7fffd2845c7a9927532a710b343ebd292237fb74d6823,1.0,23051.248168051243,0.0,0.0,0.0,0.0,0.0,0.0,0.0,0.0,0.0,0.0
PIRADS1/a44612d3083fa465538843f4fb6aa5e66e071784ce6b15b675437d5be3045c80,2.0,128909.25,0.0,0.0,0.0,0.0,0.0,0.0,0.0,0.0,0.0,0.0
PIRADS1/a474bc5e2137cd6297f2083d2eadecf25908a7f51e9a04e1645e58e053bfff8a,2.0,214324.5,0.0,0.0,0.0,0.0,0.0,0.0,0.0,0.0,0.0,0.0
PIRADS1/a525334e1fd4630dbf4ff31f7480de8637b0d59dd88481f5f00090407de6950b,1.0,99954.0,0.0,0.0,0.0,0.0,0.0,0.0,0.0,0.0,0.0,0.0
PIRADS1/a894b7d4bf95c3527123f424ee763b41f7e82a5d08db16e7f8c39147803b321e,2.0,122911.5,0.0,0.0,0.0,0.0,0.0,0.0,0.0,0.0,0.0,0.0
PIRADS1/aad892694d6ae00662ac7257c1f042f72d4d6357a8766a3f188511d25ff91adf,1.0,128570.25,0.0,0.0,0.0,0.0,0.0,0.0,0.0,0.0,0.0,0.0
PIRADS1/aaf67abe298ed32202a5bcae17bd35a2759c9ad90a89b43b2ee34c29daf487bb,1.0,77696.9979417324,0.0,0.0,0.0,0.0,0.0,0.0,0.0,0.0,0.0,0.0
PIRADS1/aba82ff9f70bc034c3be2d59e4dc6d3f5bbeea5c36e05dbad4b7237862f7dcc7,1.0,122876.25,0.0,0.0,0.0,0.0,0.0,0.0,0.0,0.0,0.0,0.0
PIRADS1/ad9503ddd284565d5b8ed84b2a71b9b93e278fe71884a05d6a94603138b8bb6e,1.0,93002.25,0.0,0.0,0.0,0.0,0.0,0.0,0.0,0.0,0.0,0.0
PIRADS1/ae2d8048d6589ad5578bb8635eebca1cd3f6222a64020cb9b537ea03169b571c,1.0,81500.25,0.0,0.0,0.0,0.0,0.0,0.0,0.0,0.0,0.0,0.0
PIRADS1/ae380870f33c7f51e04dcc0f543cd4c11d91ceb53ed6e7d1f8d5cf8c19adcf61,1.0,151051.5,0.0,0.0,0.0,0.0,0.0,0.0,0.0,0.0,0.0,0.0
PIRADS1/ae4266c393564d0d2ba223d8bc0814d721da1f645188ffdcf494a5ddfb3a38fe,2.0,85006.02852916718,0.0,0.0,0.0,0.0,0.0,0.0,0.0,0.0,0.0,0.0
PIRADS1/aeb3f27a6fc9987ece967fcfa82dc44ff4bb3e14d68375ddc109ce56e6419cb0,2.0,540642.75,0.0,0.0,0.0,0.0,0.0,0.0,0.0,0.0,0.0,0.0
PIRADS1/b097931dcc78df4918fab4c6b4349c8d042ba369459c3abc493a5a06419f4155,1.0,60858.0,0.0,0.0,0.0,0.0,0.0,0.0,0.0,0.0,0.0,0.0
PIRADS1/b11e3443154c151d4a26b4d4172ba72d9350810876293a9e158416dc5b7b8105,1.0,46069.5,0.0,0.0,0.0,0.0,0.0,0.0,0.0,0.0,0.0,0.0
PIRADS1/b14942c7a5a74df3f96992659e7da44ae6326df2a8520afeed91aea87c32130c,1.0,20587.5,0.0,0.0,0.0,0.0,0.0,0.0,0.0,0.0,0.0,0.0
PIRADS1/b160b9db1cfaa102b4b702f35f0f51d59fbe30ef6be812e92e5aed2e109eb3c0,3.0,298535.25,0.0,0.0,0.0,0.0,0.0,0.0,0.0,0.0,0.0,0.0
PIRADS1/b189c8487a2283e66ba20168b0100d89b48b8a668732139869e9fff528ee2ad4,1.0,60243.0,0.0,0.0,0.0,0.0,0.0,0.0,0.0,0.0,0.0,0.0
PIRADS1/b2260704350d4ffc7cef82eaf135705da6c14d5671d6ff78de3ce09ae5bfdd9e,2.0,169887.75,0.0,0.0,0.0,0.0,0.0,0.0,0.0,0.0,0.0,0.0
PIRADS1/b2cd0f1801b2e8ade41b8afd3b2538b0d188001b6ddbace0645703a51312c1c3,1.0,40770.75,0.0,0.0,0.0,0.0,0.0,0.0,0.0,0.0,0.0,0.0
PIRADS1/b2e476a5d100f2232f800e6c646541961fb64ebcd963faad6d195f7ce08aded0,1.0,136128.0,0.0,0.0,0.0,0.0,0.0,0.0,0.0,0.0,0.0,0.0
PIRADS1/b31ab9bc268ba998b54bf3f7bda5c030dfd1959f4787c63b83afe9a4f8b597c8,1.0,39088.5,0.0,0.0,0.0,0.0,0.0,0.0,0.0,0.0,0.0,0.0
PIRADS1/b478ff0d26403e8893d75577629a411ae0224eb1bd51c479a2d263b6ea3fe2f8,1.0,185211.75,0.0,0.0,0.0,0.0,0.0,0.0,0.0,0.0,0.0,0.0
PIRADS1/b4e707923a8902dccbebb49249ab6128e16139a91d0e315794e2552f6ed3b6c4,1.0,82137.75,0.0,0.0,0.0,0.0,0.0,0.0,0.0,0.0,0.0,0.0
PIRADS1/b502ed741e6e3876ff2ff0789114f0eb4840d09fbfa59a8103aff45d9ffe3e40,1.0,44705.24644714594,0.0,0.0,0.0,0.0,0.0,0.0,0.0,0.0,0.0,0.0
PIRADS1/b5154ec9fed96b66094d8fecfbacac3c09f5cba81944bb41d19180c8555a1f59,3.0,347521.5082466006,0.0,0.0,0.0,0.0,0.0,0.0,0.0,0.0,0.0,0.0
PIRADS1/b644fbf5e228f79ff12e68d075455f8f0b33b67d6b140017fe6e759fe2bab1c6,3.0,460240.5,0.0,0.0,0.0,0.0,0.0,0.0,0.0,0.0,0.0,0.0
PIRADS1/b65ec43c5ee5a76a8597845029696d138302fe3fa75986974b11cee4e4f47f8e,2.0,204315.75,0.0,0.0,0.0,0.0,0.0,0.0,0.0,0.0,0.0,0.0
PIRADS1/b668acc2146fe43d06855a917e784aa1c7974ef469e8564ad6704c6c79155c3b,1.0,128464.5,0.0,0.0,0.0,0.0,0.0,0.0,0.0,0.0,0.0,0.0
PIRADS1/b940b9bcffed8ef35987cf6eb0ebe80e0dd31c61bb451808c1791e34b4ec0e49,2.0,176889.0,0.0,0.0,0.0,0.0,0.0,0.0,0.0,0.0,0.0,0.0
PIRADS1/b96f0d8aef6e2ce5cb20e740b57141c64751eadf717e8720c6198e20f1732493,1.0,115712.25,0.0,0.0,0.0,0.0,0.0,0.0,0.0,0.0,0.0,0.0
PIRADS1/ba092dab1ac43fe237b364b0a0b5e0de8d72cd99a5d922878ab9579c1e045b56,2.0,224900.25,0.0,0.0,0.0,0.0,0.0,0.0,0.0,0.0,0.0,0.0
PIRADS1/bab6e527f13d37803195262d71337a0ab6b9fdc0b9348fa1ef816c7b0145c0bd,1.0,181665.75,0.0,0.0,0.0,0.0,0.0,0.0,0.0,0.0,0.0,0.0
PIRADS1/bb8773159fb9ff7d19a48a9b967e631f5bb0a305b74f61ef2cf00b07fba72574,1.0,48501.75,0.0,0.0,0.0,0.0,0.0,0.0,0.0,0.0,0.0,0.0
PIRADS1/be0d04241df3b85d139a2b1c6650a1757fb51b2ec3e9b3b253dd577f5d968abb,2.0,353235.75,0.0,0.0,0.0,0.0,0.0,0.0,0.0,0.0,0.0,0.0
PIRADS1/be26414ec5a39ae961be9b26929e2bc89af7310d6f373df7cb137f3a8514b6ea,1.0,80222.24362450838,0.0,0.0,0.0,0.0,0.0,0.0,0.0,0.0,0.0,0.0
PIRADS1/c00d541212fc6f795797f9596664da74b554882c4866bef2bfe426398343c369,2.0,136767.75,0.0,0.0,0.0,0.0,0.0,0.0,0.0,0.0,0.0,0.0
PIRADS1/c113967855addcf9d85d064974b1b801b092dbaf6b75aa690ed75b68fd59cdef,1.0,72450.75,0.0,0.0,0.0,0.0,0.0,0.0,0.0,0.0,0.0,0.0
PIRADS1/c13fd0ab030782938e6c75312f50e13eca67c0f5386e7d0d9848bda436e13bf2,1.0,78783.75,0.0,0.0,0.0,0.0,0.0,0.0,0.0,0.0,0.0,0.0
PIRADS1/c1be676bae71a170431d89c03ab9a093d1f7be54546c4b88e6d40d2e18a01610,1.0,62635.5,0.0,0.0,0.0,0.0,0.0,0.0,0.0,0.0,0.0,0.0
PIRADS1/c22d19de466f6fd02cc6c86756858b2130c46a06cb9cd1b151e29039c95a5514,1.0,70557.75,0.0,0.0,0.0,0.0,0.0,0.0,0.0,0.0,0.0,0.0
PIRADS1/c2515037962354c5afe10751c7b6499076784929d9f94b1406346c20f74920cd,2.0,266955.0,0.0,0.0,0.0,0.0,0.0,0.0,0.0,0.0,0.0,0.0
PIRADS1/c30a523b2ec5fc540a0c20c6d5ed12c2c8315ea1fe21cdbb4fd0966136bbb3e6,1.0,29418.75,0.0,0.0,0.0,0.0,0.0,0.0,0.0,0.0,0.0,0.0
PIRADS1/c38a7486f1252c7075bacdc2ef2d52e8928cd5c1b4cb667ff575a768531d8f97,1.0,231800.25,0.0,0.0,0.0,0.0,0.0,0.0,0.0,0.0,0.0,0.0
PIRADS1/c3afc824d1e0d8b13a7e966349fb83b1afe828165a0e024726dbfd06fff9b959,1.0,120214.5,0.0,0.0,0.0,0.0,0.0,0.0,0.0,0.0,0.0,0.0
PIRADS1/c3d051d04c4aef615259724edf55987c2b09e50940f520eb9fbf00f7ca99a54a,2.0,101864.25,0.0,0.0,0.0,0.0,0.0,0.0,0.0,0.0,0.0,0.0
PIRADS1/c4413f4094b2c8925497bcbca95732061546650c942853e0c528efd79e83b8ca,1.0,110752.5,0.0,0.0,0.0,0.0,0.0,0.0,0.0,0.0,0.0,0.0
PIRADS1/c543a1fddb5d3a9d93cccc94781da3c209f7eb5520bbe0c14a00da5b8bd593fa,1.0,127737.75,0.0,0.0,0.0,0.0,0.0,0.0,0.0,0.0,0.0,0.0
PIRADS1/c55668b8be739019fd583e84afc2cf888b56ea9ed0bd5b71e54718dcab302e92,4.0,714972.0,0.0,0.0,0.0,0.0,0.0,0.0,0.0,0.0,0.0,0.0
PIRADS1/c6851ead653ba2a6cb965356bb277161980def9aefa663d23cccce5045bc2e6e,1.0,135303.875,0.0,0.0,0.0,0.0,0.0,0.0,0.0,0.0,0.0,0.0
PIRADS1/c7337a5f39643c95caf6acca97f286c66a24fc311bb03007c92eb00cc684ed06,1.0,87244.5,0.0,0.0,0.0,0.0,0.0,0.0,0.0,0.0,0.0,0.0
PIRADS1/c777ae89fc3319e9ce22e18195ed75dc27bebefc65f5d6bec373aaf47a917c8b,1.0,42138.0,0.0,0.0,0.0,0.0,0.0,0.0,0.0,0.0,0.0,0.0
PIRADS1/c80a36780a1aed5956cba958433ebb574f38ad49bcbd0fe2d7f8fc9de84e96e0,2.0,230265.0,0.0,0.0,0.0,0.0,0.0,0.0,0.0,0.0,0.0,0.0
PIRADS1/c954ee200a383e3e00fbd920c2d9b5fba31f25f4a09b3c1727f12e519871f159,3.0,306313.4917628169,0.0,0.0,0.0,0.0,0.0,0.0,0.0,0.0,0.0,0.0
PIRADS1/c9c0cbdd15ab69cd8d924308cb3af569fcb8275b948fb4c642c66565473e3e39,3.0,240787.5,0.0,0.0,0.0,0.0,0.0,0.0,0.0,0.0,0.0,0.0
PIRADS1/c9cb746d17b2e10615e649910ce4367976622c247d4ee3280f2325920d899700,1.0,69389.25,0.0,0.0,0.0,0.0,0.0,0.0,0.0,0.0,0.0,0.0
PIRADS1/ca1191b71cd080604bb8f256d90b6c6da8021f1f1d8d2c3b4918f48d16357574,1.0,112125.75,0.0,0.0,0.0,0.0,0.0,0.0,0.0,0.0,0.0,0.0
PIRADS1/cd28edb52081bc4c15fd33b3b66c706c505bd396bddc78e5cfa07be86798d465,4.0,225310.5,0.0,0.0,0.0,0.0,0.0,0.0,0.0,0.0,0.0,0.0
PIRADS1/cdfa8201010f1d511df94e6510130e25aedd0a32acdeff4ab436f67585ca4f45,1.0,48543.0,0.0,0.0,0.0,0.0,0.0,0.0,0.0,0.0,0.0,0.0
PIRADS1/ce2dc1f887294aa6c4ebf3b14b838a9911e82b2c6c7a06681fcd1bc3eea9eb75,1.0,106829.25,0.0,0.0,0.0,0.0,0.0,0.0,0.0,0.0,0.0,0.0
PIRADS1/ce75acac4339a1a7e3af332d441abb0dccc45ceb9aafa3cb034d351f7d34801f,2.0,239288.25,0.0,0.0,0.0,0.0,0.0,0.0,0.0,0.0,0.0,0.0
PIRADS1/ceb8f58211c0145a5128b7df963833afd1807d7dee53238d323ad6821c541f7f,1.0,163747.5,0.0,0.0,0.0,0.0,0.0,0.0,0.0,0.0,0.0,0.0
PIRADS1/cf442f4dc9017e54c8ce3f3ee131f1b5c9c54b66a4efb2bce36f6342dfa22eea,1.0,140844.0,0.0,0.0,0.0,0.0,0.0,0.0,0.0,0.0,0.0,0.0
PIRADS1/d03a681e01c7cdccfe9caace6e51ebd760647242c677787c1dc62514852a4f0c,2.0,384461.25,0.0,0.0,0.0,0.0,0.0,0.0,0.0,0.0,0.0,0.0
PIRADS1/d0db9ee74ff72b50120b224f3bb5c68c7ae36a2ad30e294cb863cf9cac942d09,1.0,157753.5,0.0,0.0,0.0,0.0,0.0,0.0,0.0,0.0,0.0,0.0
PIRADS1/d28c0ab49e02b9c50ecd19cb714deccb2b86300c6e16c81f35215ded3ba99c42,1.0,95370.75,0.0,0.0,0.0,0.0,0.0,0.0,0.0,0.0,0.0,0.0
PIRADS1/d2b3cc7bb53db38be5c99d87432416a897983806ae17064d0b1de8137b58ac66,1.0,39061.49689567089,0.0,0.0,0.0,0.0,0.0,0.0,0.0,0.0,0.0,0.0
PIRADS1/d3489fedd1d7bb6ed1694fe9bee531c51c8232712dde665a483bb0655efd742d,2.0,164501.25,0.0,0.0,0.0,0.0,0.0,0.0,0.0,0.0,0.0,0.0
PIRADS1/d483fa028bd4c478f53442b7f4b393a02f33d2de6c259c9920c9a7d4bce08aa2,3.0,422256.0,0.0,0.0,0.0,0.0,0.0,0.0,0.0,0.0,0.0,0.0
PIRADS1/d6a4c8f21d449be3c8b88d59e16f06a968a9b6e12a5109c76bcee2e89e136ed7,3.0,90787.5,0.0,0.0,0.0,0.0,0.0,0.0,0.0,0.0,0.0,0.0
PIRADS1/d74e1187217619188caa2c1654ad4a54d0710d55de17264d42f65be7679e8b10,1.0,143420.2386019826,0.0,0.0,0.0,0.0,0.0,0.0,0.0,0.0,0.0,0.0
PIRADS1/d7ab76f1bb993a7ab6ff7d0354e84a8e18e91c17d52b1724e2ef9f2bbf8b5e27,1.0,255856.5,0.0,0.0,0.0,0.0,0.0,0.0,0.0,0.0,0.0,0.0
PIRADS1/d7f300fd60260ebdc32c83f49fa7d0e6f0ae7e4e401b84cd13e00cb7ea1bd7d0,1.0,92932.5,0.0,0.0,0.0,0.0,0.0,0.0,0.0,0.0,0.0,0.0
PIRADS1/d8020b3f27de58ad41de894481d33aadb75f9249058da0ef599d7f1853b192c3,1.0,22775.25,0.0,0.0,0.0,0.0,0.0,0.0,0.0,0.0,0.0,0.0
PIRADS1/d869f3c65483042f8c72b53fc574a8eff5bb470ecf22e3ed623152df6f0787e9,1.0,64376.25,0.0,0.0,0.0,0.0,0.0,0.0,0.0,0.0,0.0,0.0
PIRADS1/da84e4fa531f5f819b145d6eb9e2d090c9b4d13732a376b2cc29a851e08f10bd,1.0,51420.0,0.0,0.0,0.0,0.0,0.0,0.0,0.0,0.0,0.0,0.0
PIRADS1/dac68208fdd5ded974f762e6674eba9cf26ec61535066117ff84ce94b68c6244,3.0,211312.5,0.0,0.0,0.0,0.0,0.0,0.0,0.0,0.0,0.0,0.0
PIRADS1/dadca25c8562950851a8f34b7c8ab8e93a5e9331dad561eb24253fa36a5c0815,2.0,312635.26331722736,0.0,0.0,0.0,0.0,0.0,0.0,0.0,0.0,0.0,0.0
PIRADS1/dc11c7de19be06ac99d48c92c252b0abe42102696fb515aac3029be50558f84c,1.0,111337.20442414284,0.0,0.0,0.0,0.0,0.0,0.0,0.0,0.0,0.0,0.0
PIRADS1/dced74139c9db1bac65b1028eaa34fda6a3134ac9d0c6c7f8258effe1c2eebf7,1.0,119757.0,0.0,0.0,0.0,0.0,0.0,0.0,0.0,0.0,0.0,0.0
PIRADS1/dd2f45de4bdbe841060882b892801c819e5ad925a977452093ce3f0815ad335a,1.0,142411.5,0.0,0.0,0.0,0.0,0.0,0.0,0.0,0.0,0.0,0.0
PIRADS1/dd8490a4a9ed0d91f977344571e169a505e9a6a64df31f2f28d5c5bba7431b17,1.0,164197.5,0.0,0.0,0.0,0.0,0.0,0.0,0.0,0.0,0.0,0.0
PIRADS1/ddc8a4aaadd0cb8f7aa106e40527366d769477a8306c1c0f2667b2ffd2aa403f,1.0,92316.0,0.0,0.0,0.0,0.0,0.0,0.0,0.0,0.0,0.0,0.0
PIRADS1/dfd8561a8372e0aee70630baa84bf25ed24d6c9ba8729e6b9e5337da392b91a3,1.0,113761.49095904827,0.0,0.0,0.0,0.0,0.0,0.0,0.0,0.0,0.0,0.0
PIRADS1/e00a320554c84975938fcce30ef881dd9c8ff75dd6071a915f216d11dafb4a10,1.0,44956.5,0.0,0.0,0.0,0.0,0.0,0.0,0.0,0.0,0.0,0.0
PIRADS1/e0d32d08ee789a7082a259e46137c5f1c85d26213cfd437d562bdbcb05a1e10e,1.0,70714.5,0.0,0.0,0.0,0.0,0.0,0.0,0.0,0.0,0.0,0.0
PIRADS1/e0e7d7ab5640334f9817a45171d86d287e94ac846ae60f356a97d258616f830d,1.0,75567.75,0.0,0.0,0.0,0.0,0.0,0.0,0.0,0.0,0.0,0.0
PIRADS1/e19eedd5372742df1b67322ae0dd04f271eb55bdba6684ea60f6ee03893bc059,1.0,14774.25,0.0,0.0,0.0,0.0,0.0,0.0,0.0,0.0,0.0,0.0
PIRADS1/e1a24ed0206c831607ff5426b00d77b9b66fb2242a1725a6fcc62471f3203568,1.0,185013.89509880543,0.0,0.0,0.0,0.0,0.0,0.0,0.0,0.0,0.0,0.0
PIRADS1/e1a2c7263b6d080df1af8891716be615525abb391474cbb7b0928ceb0efe0cac,1.0,112594.5,0.0,0.0,0.0,0.0,0.0,0.0,0.0,0.0,0.0,0.0
PIRADS1/e1a4d0f446e9527e35f2536d70a32930579ca1ad2de94647d2b1ea0159e5d5db,1.0,114091.50906717777,0.0,0.0,0.0,0.0,0.0,0.0,0.0,0.0,0.0,0.0
PIRADS1/e3336808c159e36e4147900af0f93bfc7c0a4bdc4f50a49677853d1ee23e0b6d,2.0,310218.75,0.0,0.0,0.0,0.0,0.0,0.0,0.0,0.0,0.0,0.0
PIRADS1/e409a0eb4f79e846cac01e4b5776cae823f2d09e33566728d50cb3f88e9985a3,1.0,146028.60580265522,0.0,0.0,0.0,0.0,0.0,0.0,0.0,0.0,0.0,0.0
PIRADS1/e44c0b0ee0f95a8574ab2dcbac1a009b4a54f6e4e77463e74ab83d690c2c2377,1.0,77486.24384194613,0.0,0.0,0.0,0.0,0.0,0.0,0.0,0.0,0.0,0.0
PIRADS1/e689ad5581100e66a7f2d77b03d4a1e61fa6f2db2e9af92eeb3be272cc104e42,2.0,165297.75,0.0,0.0,0.0,0.0,0.0,0.0,0.0,0.0,0.0,0.0
PIRADS1/e71d82cde7d481c8952390021ef3a4e348a86289bf33552d2e18e054328cf450,1.0,65247.75,0.0,0.0,0.0,0.0,0.0,0.0,0.0,0.0,0.0,0.0
PIRADS1/e741f266493c5924361cbcd1dfe1e8dcafb0fc7795d7b8ae050672334393082b,1.0,90480.0,0.0,0.0,0.0,0.0,0.0,0.0,0.0,0.0,0.0,0.0
PIRADS1/e7fc940758cec62901f7ab1ff86a0f3c17f8f2cbe5c0c1e349a1710a38582434,1.0,89991.75,0.0,0.0,0.0,0.0,0.0,0.0,0.0,0.0,0.0,0.0
PIRADS1/e8d3bd765cccfe1e293645707f81f574b5276af3e07a5f3f0272ca979636a3ea,3.0,188284.5050584674,0.0,0.0,0.0,0.0,0.0,0.0,0.0,0.0,0.0,0.0
PIRADS1/e8d973e991d4829798ad37f9178dfa10c5d5077c28cbbf9b526c0284f62f888e,1.0,65299.502594769,0.0,0.0,0.0,0.0,0.0,0.0,0.0,0.0,0.0,0.0
PIRADS1/e8f8d8abb77690f11a693447e9f235990ce6644f2a1a2c21cfb13076f8cfbc2f,1.0,167648.25,0.0,0.0,0.0,0.0,0.0,0.0,0.0,0.0,0.0,0.0
PIRADS1/ea4bc8b0c8bffb11fc9914f7fc2ce93241bead3386653c1a187c1700f3f8182d,1.0,171944.25,0.0,0.0,0.0,0.0,0.0,0.0,0.0,0.0,0.0,0.0
PIRADS1/eb87bcba2e22e25721df65341358ff3df0f8561c399ed70d2d9f42ebbef35884,1.0,47028.0,0.0,0.0,0.0,0.0,0.0,0.0,0.0,0.0,0.0,0.0
PIRADS1/ec9edcfa144be122d37e00116c62326aaebb9af82d94b85049a9883e55a731aa,1.0,131955.0,0.0,0.0,0.0,0.0,0.0,0.0,0.0,0.0,0.0,0.0
PIRADS1/edd751b1d487fcedc87270ddffbf1b40ef99299ca532bcfae270aa9f2df9dca4,1.0,97284.75,0.0,0.0,0.0,0.0,0.0,0.0,0.0,0.0,0.0,0.0
PIRADS1/ede59bbfbe61f492f2781df1976c28077398f32d64b09ab00ee50953d99011a0,2.0,88501.5,0.0,0.0,0.0,0.0,0.0,0.0,0.0,0.0,0.0,0.0
PIRADS1/ef75290749c7ccabed13da791c7205d9560ea673afb12bbd0b59ba3a90267ad0,1.0,71826.0,0.0,0.0,0.0,0.0,0.0,0.0,0.0,0.0,0.0,0.0
PIRADS1/f0b51254f6c0ac0c16321afa1b6b730c70634dc7589f8a134883642995bfca93,2.0,436889.26886707544,0.0,0.0,0.0,0.0,0.0,0.0,0.0,0.0,0.0,0.0
PIRADS1/f112509310c1ce564afd43b018c8951578917f5bac254902ce496832b0f71d6c,1.0,56256.0,0.0,0.0,0.0,0.0,0.0,0.0,0.0,0.0,0.0,0.0
PIRADS1/f27d94a67623b7c85d75f9b6251b5c76866ba866bd989637a970fba28af440e4,1.0,182148.0,0.0,0.0,0.0,0.0,0.0,0.0,0.0,0.0,0.0,0.0
PIRADS1/f359f7d93799e557e8b02fc43f60c3e8ac25143585667e4ade42c83e26b0d410,3.0,253944.29747653008,0.0,0.0,0.0,0.0,0.0,0.0,0.0,0.0,0.0,0.0
PIRADS1/f3a35e04425ae29aff79a6dc578ead8e92b5ba1b92ce9e6bc8457de50f4b9460,1.0,93814.0,0.0,0.0,0.0,0.0,0.0,0.0,0.0,0.0,0.0,0.0
PIRADS1/f4c9a829a444452507674db32487d68843f02a93c20a8c2137a7edb85728ee91,1.0,166838.25,0.0,0.0,0.0,0.0,0.0,0.0,0.0,0.0,0.0,0.0
PIRADS1/f50cc99477659a7dd426777f046599b02b25cdc87707dea2de23159e7e53e3ff,1.0,97410.75,0.0,0.0,0.0,0.0,0.0,0.0,0.0,0.0,0.0,0.0
PIRADS1/f5646a51f930936ff1b72bfa51cb6dfbd26a52ff45550eb5bf3dcaf278760a25,3.0,297950.25,0.0,0.0,0.0,0.0,0.0,0.0,0.0,0.0,0.0,0.0
PIRADS1/f6b6ae37a3117457c628275eed5d7b3294b86a070dd38ea8fd3f83c3a01f87a5,3.0,187639.5,0.0,0.0,0.0,0.0,0.0,0.0,0.0,0.0,0.0,0.0
PIRADS1/f9189697ca0436ba67688a72a7c9e2bff1020ca88bb9c40d1ee2e75851f00d67,1.0,77721.75,0.0,0.0,0.0,0.0,0.0,0.0,0.0,0.0,0.0,0.0
PIRADS1/f93f6673a2870d909136adf9b8f448950af3aa8a0bf8c5ae4693085ec5827cab,1.0,75426.0,0.0,0.0,0.0,0.0,0.0,0.0,0.0,0.0,0.0,0.0
PIRADS1/f998d0481e1be99e0a73daebfb944e986ff062cf8fcbfb308add321daa722dd2,1.0,146513.25,0.0,0.0,0.0,0.0,0.0,0.0,0.0,0.0,0.0,0.0
PIRADS1/fa4d4c715c8e247a07a28b47a5a68afebf88f1eae535d3e150da2a40f437a35f,1.0,71495.25,0.0,0.0,0.0,0.0,0.0,0.0,0.0,0.0,0.0,0.0
PIRADS1/fa6f34171bd625fd948e1c7319772c5e1aaf6f6c631ee5e025bcd44049d28a6b,1.0,86064.75,0.0,0.0,0.0,0.0,0.0,0.0,0.0,0.0,0.0,0.0
PIRADS1/fd4b4f27bb51554f444b3e800ec17873d0d0b07dfd5da7b77a6a3f8a6676c54b,1.0,65547.0,0.0,0.0,0.0,0.0,0.0,0.0,0.0,0.0,0.0,0.0
PIRADS1/fede0f8ee3190cd7dd381a730ce1e5dcb1cb161c740542769f8f7fc644f25a43,2.0,345201.0,0.0,0.0,0.0,0.0,0.0,0.0,0.0,0.0,0.0,0.0
PIRADS1/ffcc77e9298ac7d2ae1b018466187c57378fe2a9daebde94adf48fb5d71af604,2.0,144110.4081889391,0.0,0.0,0.0,0.0,0.0,0.0,0.0,0.0,0.0,0.0
